"","anger","anticipation","disgust","fear","joy","sadness","surprise","trust","negative","positive"
"1",1,0,0,1,0,1,1,1,2,1
"2",1,0,0,1,0,1,0,1,1,1
"3",0,0,0,1,1,1,0,3,4,2
"4",0,2,0,0,1,0,1,4,1,5
"5",2,0,2,3,0,1,0,2,7,1
"6",0,0,0,0,0,0,0,2,1,1
"7",0,1,0,1,1,0,0,1,1,3
"8",0,0,0,2,0,2,0,1,4,1
"9",0,0,0,1,1,1,0,3,4,2
"10",2,0,1,1,0,1,0,0,3,1
"11",2,2,1,2,0,1,0,0,5,1
"12",0,0,0,0,0,0,0,0,0,0
"13",0,1,0,1,1,0,0,1,1,3
"14",0,0,0,2,0,2,0,1,4,1
"15",0,2,0,2,1,0,1,2,3,1
"16",0,1,0,0,1,0,0,0,1,1
"17",1,0,0,0,0,0,0,0,2,0
"18",0,1,0,1,1,0,0,1,1,3
"19",0,2,0,2,1,0,1,2,3,1
"20",0,2,1,0,1,1,0,1,2,2
"21",0,0,0,0,0,0,0,1,1,1
"22",2,0,2,3,0,1,0,2,7,1
"23",0,0,0,0,1,0,0,2,1,2
"24",0,0,0,1,0,0,0,0,0,1
"25",0,0,0,1,0,0,0,0,0,1
"26",1,0,0,1,0,1,1,1,2,1
"27",0,0,0,1,1,1,0,2,3,2
"28",0,1,0,1,0,1,0,2,2,3
"29",0,1,0,1,1,0,0,1,1,3
"30",0,2,0,2,1,0,1,2,3,1
"31",0,0,0,1,0,0,0,0,0,1
"32",2,0,2,3,0,1,0,0,4,0
"33",3,1,3,4,0,2,0,0,5,0
"34",2,0,3,3,0,2,0,0,5,0
"35",3,0,2,4,0,2,0,0,5,0
"36",0,0,0,1,1,1,0,3,4,2
"37",0,0,0,0,0,0,0,2,0,2
"38",0,0,0,1,0,1,0,0,1,0
"39",0,0,0,1,1,1,0,3,4,2
"40",0,0,0,1,1,1,0,3,4,2
"41",0,0,0,0,0,0,0,1,0,1
"42",0,0,0,1,1,1,0,3,4,2
"43",0,0,0,1,1,1,0,3,4,2
"44",0,0,0,1,1,1,0,3,4,2
"45",0,0,0,0,0,0,0,0,1,0
"46",0,1,0,0,0,0,0,0,1,0
"47",0,0,0,1,0,0,0,0,0,1
"48",0,0,0,1,1,1,0,3,4,2
"49",0,0,0,0,0,0,0,0,0,0
"50",0,1,0,1,1,0,0,1,1,3
"51",2,0,2,3,0,1,0,0,4,0
"52",2,0,2,3,0,1,0,0,4,0
"53",0,1,1,0,1,1,1,1,2,3
"54",3,0,2,4,0,2,0,0,5,0
"55",0,0,0,1,1,1,0,3,4,2
"56",0,0,0,1,0,0,0,0,0,1
"57",3,1,1,2,0,2,0,0,3,0
"58",0,0,0,1,1,1,0,3,4,2
"59",1,0,0,1,0,1,0,0,2,1
"60",0,0,0,1,0,0,0,0,0,1
"61",0,0,0,1,1,1,0,3,4,2
"62",0,0,0,1,0,1,0,2,1,2
"63",0,1,0,1,1,0,0,1,1,3
"64",0,0,0,1,0,1,0,2,1,2
"65",0,1,0,1,0,0,0,2,1,1
"66",0,0,0,1,0,0,0,0,0,1
"67",0,0,0,1,0,0,0,0,0,1
"68",0,2,0,2,1,0,1,2,3,1
"69",0,0,0,1,1,1,0,3,4,2
"70",0,1,0,1,1,0,0,1,1,3
"71",0,0,0,1,1,1,0,3,3,2
"72",0,0,0,1,0,0,0,0,0,1
"73",0,0,0,1,0,1,0,2,1,2
"74",0,0,0,0,0,0,0,0,0,1
"75",0,1,0,1,1,0,0,1,1,3
"76",0,0,0,1,1,1,0,3,4,2
"77",0,0,0,0,2,0,0,0,0,2
"78",0,0,0,1,1,1,0,3,4,2
"79",1,0,1,1,0,0,0,0,1,0
"80",0,0,0,1,1,1,0,3,4,2
"81",0,1,0,1,2,0,0,2,0,3
"82",3,2,2,1,0,1,0,0,3,1
"83",0,0,0,1,0,0,0,0,0,1
"84",0,0,0,1,0,0,0,0,2,1
"85",0,0,0,1,0,0,0,2,2,1
"86",1,0,0,1,0,1,0,0,3,0
"87",0,0,0,1,0,0,0,1,1,1
"88",1,0,1,2,0,2,0,2,6,3
"89",1,0,0,1,0,1,0,0,3,0
"90",0,0,0,1,1,1,0,3,4,2
"91",0,0,0,0,0,0,0,0,1,0
"92",0,1,0,1,1,0,0,1,1,3
"93",0,0,0,0,0,0,0,1,0,1
"94",0,0,0,1,0,0,0,0,0,1
"95",0,0,0,0,0,1,0,2,3,1
"96",0,1,0,1,1,0,0,1,1,3
"97",0,1,0,0,0,0,0,0,1,0
"98",0,2,0,2,1,0,1,2,3,1
"99",2,2,2,3,1,1,1,3,4,5
"100",1,0,0,1,0,1,1,1,2,1
"101",0,2,0,2,1,0,1,2,3,1
"102",3,0,1,4,0,2,0,1,4,4
"103",1,1,1,0,1,0,0,1,1,2
"104",0,0,0,0,0,0,0,1,0,1
"105",0,0,0,1,1,1,0,3,4,2
"106",0,0,0,1,0,0,0,0,0,1
"107",1,0,1,1,0,1,0,1,2,1
"108",0,0,0,1,1,1,0,3,4,2
"109",0,0,0,0,0,0,0,0,1,1
"110",0,1,0,1,1,0,0,1,1,3
"111",1,0,0,0,0,0,0,0,2,0
"112",0,0,0,0,0,0,0,0,1,1
"113",1,0,0,0,0,1,0,1,2,1
"114",0,0,0,0,1,0,1,2,0,1
"115",0,2,0,2,1,0,1,2,3,1
"116",2,0,2,2,0,2,0,0,4,0
"117",0,2,0,2,1,0,1,2,3,1
"118",0,2,0,2,1,0,1,2,3,1
"119",0,1,0,0,0,0,0,0,1,0
"120",0,0,0,1,1,1,0,3,4,2
"121",0,0,0,0,0,0,0,2,0,2
"122",2,0,2,1,0,2,0,2,3,4
"123",2,0,2,2,0,2,0,0,4,0
"124",5,0,0,3,0,2,0,0,5,0
"125",0,0,0,0,0,0,0,0,0,0
"126",2,0,2,3,0,1,0,2,7,1
"127",0,0,0,0,0,0,0,0,0,0
"128",0,0,0,1,1,1,0,3,4,2
"129",0,0,0,1,0,0,0,1,2,2
"130",1,0,0,1,0,0,0,0,2,0
"131",0,1,0,1,1,0,0,1,1,3
"132",0,2,0,1,2,0,1,1,2,3
"133",0,0,0,0,0,1,0,2,2,0
"134",0,1,0,0,0,0,0,1,0,1
"135",1,0,2,1,0,4,0,1,4,1
"136",0,0,0,0,0,0,0,0,1,1
"137",0,0,1,1,0,1,0,1,2,2
"138",0,1,0,0,1,0,0,2,0,3
"139",0,0,1,1,0,1,0,1,2,2
"140",1,0,0,1,0,1,0,0,3,0
"141",0,0,0,0,0,0,0,1,2,2
"142",0,0,0,1,1,1,0,3,4,2
"143",0,0,0,1,0,0,0,2,2,1
"144",0,0,0,0,0,0,0,0,1,1
"145",0,0,0,1,0,0,0,0,0,1
"146",0,2,0,2,1,0,1,2,3,1
"147",0,1,0,1,1,0,0,1,1,3
"148",0,0,0,0,0,0,0,0,1,1
"149",0,1,0,1,1,0,0,1,1,3
"150",1,1,0,1,1,0,0,2,3,2
"151",0,0,0,1,0,0,0,0,0,1
"152",0,1,0,1,1,0,0,1,1,3
"153",1,0,0,0,0,0,0,0,2,0
"154",0,0,0,1,1,1,0,3,4,2
"155",0,0,0,1,0,0,0,0,0,1
"156",0,1,0,1,1,0,0,1,1,3
"157",0,0,0,0,0,0,0,1,0,1
"158",0,2,0,2,1,0,1,2,3,1
"159",0,0,0,0,0,0,0,1,0,2
"160",0,1,0,1,1,0,0,1,1,3
"161",0,2,0,2,1,0,1,2,3,1
"162",0,0,0,0,0,0,0,0,1,1
"163",1,0,0,0,0,0,0,0,2,0
"164",0,0,0,1,1,1,0,3,4,2
"165",2,0,1,1,0,1,0,0,3,1
"166",0,0,0,1,0,0,0,0,0,1
"167",0,1,0,1,1,0,0,1,1,3
"168",0,0,0,1,1,1,0,3,4,2
"169",1,0,0,2,0,1,0,2,4,1
"170",0,1,0,0,0,0,0,0,1,0
"171",0,0,0,1,1,1,0,3,4,2
"172",2,0,0,2,0,0,0,2,5,3
"173",0,0,0,0,0,0,0,0,0,0
"174",0,0,0,0,0,1,0,0,2,0
"175",0,0,0,1,0,0,0,2,1,2
"176",0,0,1,0,0,0,0,1,2,1
"177",0,0,0,0,0,0,0,0,1,1
"178",0,2,0,2,1,0,1,2,3,1
"179",0,0,0,0,0,0,0,0,1,1
"180",2,1,0,2,1,1,1,2,4,2
"181",0,0,0,1,0,0,0,0,0,1
"182",2,1,0,3,0,2,0,4,5,3
"183",0,0,0,1,0,0,0,0,0,1
"184",0,0,0,1,0,0,0,0,0,1
"185",0,2,0,2,1,0,1,2,3,1
"186",0,0,0,1,0,0,0,2,2,1
"187",2,0,0,1,0,0,0,0,4,0
"188",0,0,0,1,1,1,0,3,4,2
"189",0,1,0,1,1,0,0,1,1,3
"190",0,0,0,0,0,0,0,1,0,1
"191",1,0,0,0,0,1,0,1,2,1
"192",0,2,0,2,1,0,1,2,3,1
"193",0,0,0,1,0,0,0,0,0,1
"194",2,0,0,0,0,0,0,1,3,2
"195",0,1,0,1,1,0,0,1,1,3
"196",0,0,0,1,1,1,0,3,4,2
"197",0,0,0,0,0,0,0,1,0,1
"198",0,0,0,0,0,0,0,0,1,1
"199",0,1,0,1,1,0,0,1,1,3
"200",0,0,0,0,0,1,0,0,2,0
"201",0,1,0,1,1,0,0,1,1,3
"202",0,1,0,1,1,0,0,1,1,3
"203",0,2,0,2,1,0,1,2,3,1
"204",0,0,0,1,0,1,0,0,2,0
"205",2,0,2,3,0,1,0,2,7,1
"206",0,0,0,0,1,0,0,1,1,2
"207",0,2,0,2,1,0,1,2,3,1
"208",2,0,2,3,0,1,0,2,7,1
"209",0,0,0,1,0,0,0,1,1,1
"210",0,2,0,2,1,0,1,2,3,1
"211",0,0,0,0,0,0,0,1,1,1
"212",0,0,0,1,1,1,0,3,4,2
"213",0,2,0,2,1,0,1,2,3,1
"214",0,0,0,2,0,2,0,1,4,1
"215",0,0,0,0,0,0,0,2,0,2
"216",0,1,0,1,1,0,0,1,1,3
"217",0,2,0,2,1,0,1,2,3,1
"218",0,0,0,0,0,0,0,1,0,1
"219",0,2,0,2,1,0,1,2,3,1
"220",0,0,0,1,1,1,0,3,4,2
"221",0,0,0,1,1,1,0,3,4,2
"222",0,0,0,1,1,1,0,3,4,2
"223",0,1,0,0,1,0,0,4,1,4
"224",0,0,0,1,1,1,0,3,4,2
"225",0,0,0,1,0,0,0,1,1,1
"226",0,0,0,1,0,0,0,0,0,1
"227",0,1,0,1,1,0,0,1,1,3
"228",0,0,0,1,1,1,0,3,4,2
"229",0,2,0,2,1,0,1,2,3,1
"230",0,1,0,1,1,0,0,1,1,3
"231",0,2,0,2,1,0,1,2,3,1
"232",1,0,0,1,0,0,0,0,3,1
"233",1,0,0,0,0,0,0,0,2,0
"234",0,0,0,1,0,0,0,0,0,1
"235",0,0,0,1,0,0,0,0,0,1
"236",0,0,0,1,0,0,0,0,0,1
"237",0,0,0,1,0,1,0,0,2,0
"238",1,0,1,1,0,1,0,1,1,1
"239",1,0,0,4,0,1,0,1,2,3
"240",1,0,0,1,1,1,0,2,1,3
"241",0,0,0,1,0,1,0,3,2,2
"242",0,1,0,0,0,0,0,1,0,0
"243",0,0,0,1,0,0,0,0,0,1
"244",1,0,0,4,0,1,0,1,2,3
"245",0,0,0,1,1,1,0,3,4,2
"246",0,0,0,1,1,1,0,3,4,2
"247",0,0,0,0,0,0,0,1,0,3
"248",0,0,0,1,0,0,0,1,2,1
"249",0,0,0,1,0,0,0,0,0,1
"250",0,0,0,1,1,1,0,3,4,2
"251",0,0,0,1,1,1,0,3,4,2
"252",0,0,0,0,0,0,0,1,1,1
"253",1,1,0,2,0,0,1,3,0,1
"254",0,0,0,2,0,2,0,1,4,1
"255",2,0,1,1,0,1,0,0,3,1
"256",1,0,0,4,0,1,0,1,2,3
"257",0,1,0,1,1,0,0,1,1,3
"258",0,0,0,1,1,1,0,3,4,2
"259",0,0,0,1,1,1,0,3,4,2
"260",0,0,0,0,0,0,0,1,1,1
"261",0,1,0,1,1,0,0,1,1,3
"262",0,0,0,1,0,0,0,0,1,1
"263",0,1,0,1,1,0,0,1,1,3
"264",0,1,0,0,0,0,0,0,1,0
"265",0,0,0,1,1,1,0,3,4,2
"266",0,0,0,1,1,1,0,3,4,2
"267",1,0,0,1,0,1,0,1,1,1
"268",3,1,1,2,0,2,0,0,3,0
"269",1,2,0,1,0,1,0,0,2,1
"270",0,0,0,0,0,1,0,0,2,0
"271",1,0,0,1,0,1,1,1,2,1
"272",0,0,0,0,0,0,0,0,0,0
"273",0,0,0,1,1,1,0,3,4,2
"274",1,0,0,0,0,0,0,0,2,0
"275",0,0,0,0,1,0,0,1,1,2
"276",0,2,0,2,1,0,1,2,3,1
"277",2,0,0,2,0,2,1,2,4,3
"278",2,1,1,1,3,1,0,2,3,4
"279",0,1,0,1,1,0,0,1,1,3
"280",0,1,0,1,1,0,0,1,1,3
"281",0,0,0,1,1,1,0,3,4,2
"282",0,0,0,1,0,0,0,0,0,1
"283",0,0,0,1,1,1,0,3,4,2
"284",0,0,0,0,0,0,0,0,0,0
"285",0,0,0,1,1,1,0,3,4,2
"286",0,2,0,2,1,0,1,2,3,1
"287",2,0,1,1,0,1,0,1,3,1
"288",0,0,0,0,0,0,0,1,0,1
"289",0,0,0,1,0,0,0,0,0,1
"290",2,0,2,3,0,1,0,2,7,1
"291",0,0,0,1,0,0,0,0,0,1
"292",0,1,0,0,1,0,1,0,1,2
"293",0,0,0,0,0,0,0,1,0,1
"294",2,1,0,1,0,1,0,0,3,0
"295",1,0,0,0,0,0,0,0,2,0
"296",0,0,0,1,0,1,0,1,1,1
"297",0,0,0,1,1,1,0,3,4,2
"298",1,0,0,2,0,3,1,2,3,1
"299",2,1,0,1,0,1,0,0,3,0
"300",2,1,0,1,0,1,0,0,3,0
"301",0,0,0,1,1,1,0,3,4,2
"302",2,1,0,1,0,1,0,0,3,0
"303",0,0,0,1,1,1,0,3,4,2
"304",1,0,0,1,0,0,0,0,2,0
"305",1,0,0,2,0,1,0,0,3,0
"306",0,0,0,1,1,1,0,3,4,2
"307",2,1,0,1,0,1,0,0,3,0
"308",0,0,0,1,1,1,0,3,4,2
"309",2,0,1,2,0,2,0,2,4,3
"310",0,0,0,0,0,0,0,1,1,1
"311",1,1,1,1,1,1,0,2,3,3
"312",0,1,0,1,1,0,0,1,1,3
"313",0,0,1,0,0,0,0,0,1,0
"314",0,0,0,1,0,0,0,0,0,1
"315",2,0,1,1,0,1,0,0,3,1
"316",0,1,0,0,0,0,0,0,1,0
"317",2,0,0,0,0,0,0,0,2,0
"318",1,0,0,2,0,1,0,0,3,0
"319",0,1,0,1,1,1,0,1,3,1
"320",1,0,0,1,0,1,1,1,2,1
"321",0,0,0,2,0,2,0,1,4,1
"322",1,1,2,0,0,0,0,1,2,0
"323",1,0,0,2,0,1,0,0,3,0
"324",0,0,0,1,1,1,0,3,4,2
"325",1,0,0,1,0,1,1,1,2,1
"326",0,0,0,0,0,0,0,1,1,1
"327",0,0,0,1,0,1,0,1,1,0
"328",0,0,0,1,0,0,0,1,1,1
"329",2,0,0,1,0,2,0,1,3,2
"330",0,1,0,0,0,0,0,1,1,3
"331",0,2,0,2,1,0,1,2,3,1
"332",0,0,0,0,0,0,0,2,0,2
"333",0,2,0,2,1,0,1,2,3,1
"334",1,0,0,1,1,2,1,3,2,4
"335",0,1,0,1,1,0,0,1,1,3
"336",0,0,0,1,1,1,0,3,4,2
"337",1,0,0,2,0,1,0,0,3,0
"338",0,1,0,1,1,0,0,1,1,3
"339",0,1,0,0,0,0,0,0,1,0
"340",0,0,0,1,1,1,0,3,4,2
"341",0,2,0,2,1,0,1,2,3,1
"342",0,0,0,1,1,1,0,3,4,2
"343",0,0,0,1,0,0,0,0,0,1
"344",0,2,0,2,1,0,1,2,3,1
"345",0,0,0,0,0,0,0,1,0,1
"346",0,0,0,1,1,1,0,3,4,2
"347",0,2,0,1,0,1,0,1,2,1
"348",0,2,0,2,1,0,1,2,3,1
"349",0,0,0,0,0,0,0,0,1,1
"350",0,0,0,1,1,1,0,3,4,2
"351",0,0,0,0,1,0,0,1,1,2
"352",0,0,0,1,0,0,0,1,1,1
"353",1,1,0,0,1,0,1,1,0,1
"354",4,0,0,3,0,3,0,0,5,0
"355",0,2,0,2,1,0,1,2,3,1
"356",1,1,1,0,0,0,0,1,2,1
"357",0,0,0,1,0,0,0,0,0,1
"358",0,0,0,0,0,0,0,2,1,1
"359",0,2,0,2,1,0,1,2,3,1
"360",0,1,0,0,3,0,0,3,0,4
"361",0,0,0,1,1,1,0,3,4,2
"362",0,0,0,0,0,0,0,0,0,0
"363",0,1,0,0,1,1,2,1,0,1
"364",1,0,0,2,0,2,0,0,2,0
"365",0,0,0,2,0,2,0,1,4,1
"366",1,0,0,0,0,0,0,0,2,0
"367",0,0,0,0,0,0,0,2,0,2
"368",0,0,0,0,0,0,0,1,0,1
"369",0,2,0,0,1,0,0,1,1,1
"370",0,0,0,0,0,0,0,1,0,1
"371",0,0,0,1,1,1,0,3,4,2
"372",0,0,0,2,0,2,0,1,4,1
"373",1,0,0,1,0,1,0,0,3,0
"374",3,0,1,1,0,0,0,1,3,1
"375",0,0,0,1,1,1,0,2,3,2
"376",1,0,0,1,0,0,0,0,2,0
"377",0,0,0,0,0,0,0,0,1,1
"378",0,0,0,1,1,1,0,3,4,2
"379",0,2,0,0,1,1,1,1,0,2
"380",0,0,0,0,0,0,0,2,0,2
"381",2,0,2,2,0,2,2,2,2,0
"382",0,1,0,0,0,0,0,0,1,0
"383",0,0,0,1,1,1,0,3,4,2
"384",0,2,0,2,1,0,1,2,3,1
"385",1,2,1,1,1,1,1,4,3,6
"386",0,2,0,2,1,0,1,2,3,1
"387",0,0,0,1,1,1,0,3,4,2
"388",0,1,0,1,1,0,0,1,1,3
"389",0,3,1,0,3,0,2,2,0,3
"390",0,1,0,0,0,0,0,0,1,0
"391",0,1,0,1,1,2,0,1,3,2
"392",0,0,0,1,1,1,0,3,4,2
"393",2,0,2,2,0,2,0,1,4,1
"394",0,0,0,1,1,1,0,3,4,2
"395",0,1,0,0,0,0,0,0,1,0
"396",0,0,0,0,1,0,0,1,0,2
"397",0,1,0,1,1,0,0,1,1,3
"398",0,2,0,2,1,0,1,2,3,1
"399",0,1,0,1,1,0,0,1,1,3
"400",3,1,1,4,0,2,1,0,4,2
"401",0,1,0,0,0,0,0,0,1,0
"402",0,0,1,0,0,0,0,1,1,1
"403",1,0,0,0,0,0,0,0,2,0
"404",1,2,1,1,3,1,1,3,2,5
"405",0,0,0,1,1,1,0,3,4,2
"406",0,0,0,0,0,0,0,0,0,0
"407",0,0,0,1,0,0,0,0,1,1
"408",1,0,1,1,1,1,1,0,1,1
"409",0,1,0,0,0,0,0,0,1,0
"410",0,0,0,1,1,1,0,3,4,2
"411",0,0,0,1,1,1,0,3,4,2
"412",0,0,0,0,0,0,0,0,1,1
"413",0,1,0,1,1,0,0,1,1,3
"414",0,0,0,1,0,0,0,0,0,1
"415",2,0,1,1,0,1,0,0,4,0
"416",0,1,1,0,1,1,1,1,2,3
"417",0,2,0,2,1,0,1,2,3,1
"418",0,0,0,1,1,1,0,3,4,2
"419",1,0,0,2,0,1,0,2,4,1
"420",0,0,0,1,0,0,0,0,0,1
"421",0,0,0,1,1,1,0,3,4,2
"422",0,0,0,1,1,1,0,3,4,2
"423",1,0,0,1,0,1,0,1,2,1
"424",0,0,0,0,0,0,0,1,0,1
"425",0,0,0,0,0,0,0,0,0,0
"426",0,2,0,2,1,0,1,2,3,1
"427",0,0,0,0,0,0,0,0,1,0
"428",0,0,0,0,0,0,0,2,0,2
"429",0,0,0,1,1,1,0,2,3,2
"430",0,0,0,0,0,0,0,0,1,1
"431",2,0,1,1,0,1,0,0,3,1
"432",0,0,1,1,0,2,0,2,2,2
"433",0,0,0,1,0,0,0,0,0,1
"434",0,0,0,1,1,1,0,3,4,2
"435",0,0,0,0,1,0,0,1,0,2
"436",1,0,1,1,0,3,0,1,5,2
"437",0,0,0,1,1,1,0,3,4,2
"438",1,1,1,2,1,4,0,2,6,2
"439",0,2,0,2,1,0,1,2,3,1
"440",0,0,0,1,0,0,0,0,0,1
"441",0,1,0,0,0,0,0,0,1,0
"442",0,1,0,0,0,0,0,1,2,2
"443",0,1,0,1,1,0,0,1,1,3
"444",0,0,0,0,0,0,0,1,0,1
"445",1,0,1,1,0,3,0,1,5,2
"446",0,2,0,2,1,0,1,2,3,1
"447",0,0,0,0,0,0,0,1,3,0
"448",0,1,0,0,1,1,1,2,1,4
"449",0,2,0,2,1,0,1,2,3,1
"450",1,0,1,1,0,0,1,1,2,1
"451",0,0,0,0,0,0,0,0,0,0
"452",0,0,0,0,0,0,0,1,0,1
"453",0,1,0,1,1,0,0,1,1,3
"454",0,1,0,0,0,1,0,0,1,0
"455",0,2,0,0,1,0,0,3,1,4
"456",0,0,0,1,0,0,0,0,0,1
"457",0,0,0,0,0,0,0,0,0,0
"458",0,0,0,0,1,0,0,1,1,2
"459",0,1,0,0,0,1,0,0,1,0
"460",0,0,0,1,0,0,0,0,0,1
"461",0,0,0,0,0,0,0,0,1,0
"462",1,0,1,1,0,3,0,1,5,2
"463",0,0,0,1,0,1,0,0,1,0
"464",1,0,1,1,0,3,0,1,5,2
"465",1,2,0,1,0,1,0,0,1,0
"466",1,2,0,1,1,0,1,1,1,4
"467",1,1,0,1,0,0,0,0,0,1
"468",0,0,0,1,0,0,0,2,1,2
"469",0,0,0,0,0,0,0,1,1,1
"470",1,0,1,1,0,3,0,1,5,2
"471",0,0,0,1,1,1,0,3,4,2
"472",0,1,0,0,3,3,1,2,1,4
"473",0,1,0,1,1,0,0,1,1,3
"474",1,0,1,1,0,3,0,1,5,2
"475",0,0,0,1,1,1,0,3,4,2
"476",0,0,0,0,0,0,0,1,1,1
"477",0,1,0,0,0,0,0,0,0,2
"478",0,2,0,2,1,0,1,2,3,1
"479",0,0,0,1,1,1,0,3,4,2
"480",0,1,0,1,1,0,0,1,1,3
"481",3,1,2,2,1,2,1,1,4,2
"482",0,1,0,0,2,0,0,2,0,2
"483",0,0,0,1,1,1,0,3,4,2
"484",0,1,0,1,1,0,0,1,1,3
"485",0,1,1,0,1,1,1,1,2,3
"486",0,0,0,1,0,0,0,1,0,1
"487",1,0,1,1,0,3,0,1,5,2
"488",0,0,0,1,0,0,0,0,1,1
"489",1,0,1,1,0,1,0,0,2,0
"490",0,0,0,1,0,0,0,0,0,1
"491",0,0,0,1,0,0,0,1,0,1
"492",2,0,2,1,0,0,0,2,3,3
"493",1,0,0,1,0,1,0,0,1,1
"494",0,2,0,2,1,0,1,2,3,1
"495",1,0,0,1,0,1,0,0,1,1
"496",0,2,0,2,1,0,1,2,3,1
"497",0,0,0,0,0,0,0,0,0,0
"498",2,0,0,0,1,0,0,1,3,1
"499",0,0,0,1,1,1,0,3,4,2
"500",0,0,0,0,0,0,0,0,0,0
"501",0,2,0,2,1,0,1,2,3,1
"502",1,0,0,1,0,1,0,0,1,1
"503",1,0,0,0,0,0,0,0,2,0
"504",0,0,0,1,1,1,0,3,4,2
"505",0,2,0,2,1,0,1,2,3,1
"506",0,0,0,1,0,1,0,2,2,2
"507",1,0,0,0,1,0,1,0,3,1
"508",0,0,0,1,0,1,0,0,1,0
"509",0,0,0,1,0,1,0,2,2,2
"510",0,0,0,0,0,0,0,1,0,1
"511",0,0,0,1,0,0,0,0,0,1
"512",1,0,0,0,0,1,0,1,2,1
"513",0,0,0,1,1,1,0,1,1,2
"514",0,0,0,1,0,0,0,2,1,2
"515",0,0,0,0,0,0,0,2,0,2
"516",0,0,0,0,0,0,0,1,1,1
"517",1,0,0,1,0,2,1,0,2,0
"518",0,0,0,0,0,0,0,0,1,2
"519",0,1,0,1,1,0,0,1,1,3
"520",0,2,0,0,1,0,0,3,1,4
"521",0,0,0,1,0,1,0,2,2,2
"522",1,0,0,2,0,1,0,0,3,0
"523",2,0,0,1,1,0,0,3,3,3
"524",0,0,0,1,0,0,0,0,0,1
"525",0,2,0,2,1,0,1,2,3,1
"526",0,0,0,1,1,1,0,3,4,2
"527",1,0,0,1,0,1,0,0,3,0
"528",0,1,0,1,1,0,0,1,1,3
"529",1,1,2,3,0,0,0,2,5,4
"530",0,0,0,1,1,1,0,3,4,2
"531",2,0,0,2,0,2,1,2,4,3
"532",0,0,1,0,0,0,0,4,2,5
"533",0,0,0,1,0,0,0,0,0,1
"534",0,0,0,0,0,0,0,0,2,1
"535",0,1,0,0,1,0,1,3,1,2
"536",1,0,1,1,1,1,0,1,1,2
"537",0,0,0,1,1,1,0,3,4,2
"538",0,1,1,0,0,0,0,1,0,1
"539",0,0,0,1,1,1,0,3,4,2
"540",0,0,0,1,1,1,0,3,4,2
"541",0,0,0,1,1,1,0,3,4,2
"542",0,0,0,1,1,1,0,3,4,2
"543",1,0,0,1,0,1,0,0,1,1
"544",1,0,1,1,0,3,0,1,5,2
"545",2,1,0,2,0,2,0,2,5,1
"546",0,1,0,0,2,0,0,2,0,3
"547",0,0,0,1,0,1,0,2,1,2
"548",0,0,0,0,0,0,0,1,0,1
"549",0,0,0,1,0,0,0,1,2,1
"550",0,0,0,1,0,0,0,0,0,1
"551",0,0,0,1,1,1,0,3,4,2
"552",0,0,0,0,0,0,0,0,0,0
"553",0,1,0,1,1,0,0,1,1,3
"554",0,0,0,1,0,0,0,0,0,1
"555",1,0,1,1,0,3,0,1,5,2
"556",1,0,1,0,0,0,0,2,2,0
"557",0,0,0,0,1,0,0,3,1,3
"558",0,2,0,0,2,0,1,2,1,3
"559",1,0,0,1,0,1,0,0,1,1
"560",0,0,0,1,1,1,0,3,4,2
"561",1,0,0,1,0,1,0,0,1,1
"562",0,0,0,1,0,1,0,2,2,2
"563",1,0,0,1,0,1,0,0,1,1
"564",0,0,0,1,0,0,0,2,1,2
"565",0,0,0,0,0,0,0,0,1,1
"566",0,0,0,1,1,1,0,3,4,2
"567",1,1,1,1,0,0,0,1,2,2
"568",0,0,0,0,0,0,0,0,0,0
"569",2,0,2,1,0,1,0,1,2,1
"570",0,0,0,0,0,0,0,0,1,1
"571",0,0,0,0,0,0,0,0,1,0
"572",0,1,0,0,0,0,0,1,0,1
"573",0,0,0,0,0,0,0,0,1,1
"574",2,0,2,1,0,1,0,0,2,0
"575",1,0,0,1,0,1,1,0,2,1
"576",1,1,0,0,1,0,1,1,0,1
"577",0,2,0,0,1,0,1,0,2,1
"578",1,1,2,0,0,0,0,1,2,0
"579",0,1,0,0,0,0,0,1,1,1
"580",1,0,0,1,0,1,0,0,1,1
"581",0,0,0,1,0,0,0,0,0,1
"582",1,1,0,0,1,0,1,1,0,1
"583",0,0,0,1,0,1,0,1,3,0
"584",0,2,0,2,1,0,1,2,3,1
"585",0,1,0,1,1,0,0,1,1,3
"586",0,1,0,0,1,0,0,0,0,1
"587",1,0,0,1,0,1,0,0,1,1
"588",0,0,0,1,1,1,0,3,4,2
"589",0,0,0,0,0,0,0,0,1,0
"590",0,2,0,2,1,0,1,2,3,1
"591",0,0,1,0,0,0,0,1,2,1
"592",0,0,0,1,0,0,0,0,0,1
"593",0,1,0,1,1,0,0,1,1,3
"594",0,0,0,1,0,0,0,0,2,1
"595",1,0,0,2,0,1,0,0,3,0
"596",0,0,0,0,0,0,0,0,0,1
"597",0,0,0,1,0,0,0,0,0,1
"598",1,0,0,2,0,1,0,0,3,0
"599",1,0,0,1,0,1,0,0,1,1
"600",0,0,0,1,1,1,0,3,4,2
"601",0,0,0,1,0,1,0,2,2,2
"602",0,0,0,1,1,1,0,3,4,2
"603",1,0,0,2,0,1,0,1,2,1
"604",0,0,0,2,0,2,0,1,4,1
"605",0,0,0,0,0,0,0,1,1,1
"606",1,1,0,1,2,1,0,3,1,3
"607",0,0,1,0,0,1,0,1,2,2
"608",0,0,0,1,0,0,0,0,0,1
"609",0,0,0,0,0,0,0,1,0,1
"610",1,0,0,2,0,1,1,1,2,1
"611",0,0,0,1,1,1,0,3,4,2
"612",1,0,0,1,0,1,0,0,2,1
"613",2,0,0,1,1,1,0,1,3,1
"614",0,0,1,0,0,1,0,1,2,2
"615",0,0,0,1,0,0,0,0,0,1
"616",0,0,1,0,0,1,0,1,2,2
"617",0,0,0,1,1,1,0,3,4,2
"618",1,1,0,2,0,2,0,0,3,0
"619",0,1,1,0,1,0,0,0,2,1
"620",1,0,0,1,0,1,0,0,2,1
"621",0,0,0,0,1,0,0,1,0,2
"622",1,0,1,2,0,2,1,0,3,2
"623",0,0,0,0,0,0,0,0,1,1
"624",1,0,1,1,0,3,0,1,5,2
"625",2,0,0,0,1,0,0,1,3,1
"626",0,1,1,0,1,0,0,1,2,2
"627",1,1,0,1,2,1,0,3,1,3
"628",0,0,0,1,1,1,0,3,4,2
"629",0,0,0,0,0,0,0,1,0,1
"630",0,0,0,1,1,1,0,3,4,2
"631",1,1,0,1,2,1,1,3,1,4
"632",0,0,1,0,0,1,0,1,2,2
"633",0,2,0,0,2,0,0,2,0,2
"634",1,0,0,1,0,0,0,1,2,0
"635",0,1,0,0,1,0,0,1,0,2
"636",0,1,0,0,0,0,0,0,0,0
"637",0,0,1,0,0,1,0,1,2,2
"638",0,2,0,0,0,0,0,1,1,4
"639",0,0,1,0,0,1,0,1,2,2
"640",0,2,0,2,1,0,1,2,3,1
"641",0,1,1,0,1,1,1,1,2,3
"642",0,0,0,1,1,1,0,3,4,2
"643",1,1,0,1,2,1,0,3,1,3
"644",0,0,0,1,0,0,0,0,0,1
"645",0,0,0,1,1,1,0,3,4,2
"646",0,0,1,0,0,1,0,1,2,2
"647",0,1,0,0,0,0,0,0,1,0
"648",0,0,0,1,0,0,0,0,0,1
"649",0,2,0,2,1,0,1,2,3,1
"650",0,2,0,2,1,0,1,2,3,1
"651",0,2,0,2,1,0,1,2,3,1
"652",0,0,1,0,0,1,0,1,2,2
"653",0,0,0,1,1,1,0,3,4,2
"654",1,0,0,1,0,0,0,0,2,0
"655",0,0,0,1,0,1,0,1,2,1
"656",1,1,1,1,1,1,1,2,1,2
"657",1,0,0,2,0,1,0,0,3,0
"658",0,0,0,0,0,0,0,0,0,0
"659",1,2,0,1,2,0,1,3,1,3
"660",0,0,1,0,0,1,0,1,2,2
"661",0,0,0,0,0,1,0,2,2,2
"662",1,1,0,1,0,1,0,0,2,0
"663",0,1,0,0,1,0,1,1,0,2
"664",1,1,2,0,0,0,0,1,2,0
"665",1,1,0,1,0,1,0,1,1,1
"666",0,0,1,0,0,1,0,1,2,2
"667",1,0,0,1,0,1,0,1,2,1
"668",0,1,0,0,1,0,0,2,0,2
"669",0,2,0,2,1,0,1,2,3,1
"670",1,1,0,1,1,0,1,0,0,1
"671",0,0,0,1,0,0,0,0,0,1
"672",0,0,1,0,0,1,0,1,2,2
"673",0,1,0,1,1,0,0,1,1,3
"674",0,0,0,1,0,0,0,0,0,1
"675",0,2,0,0,2,0,1,2,1,3
"676",2,0,2,3,0,1,0,2,7,1
"677",1,0,0,0,1,0,0,1,2,2
"678",0,0,1,0,0,1,0,1,2,2
"679",0,0,1,0,0,1,0,1,2,2
"680",0,2,0,0,2,0,1,2,1,3
"681",0,0,1,0,0,0,0,1,1,1
"682",0,0,1,0,0,1,0,1,2,2
"683",1,0,1,0,0,2,0,0,3,0
"684",0,0,0,0,0,0,0,1,0,1
"685",0,0,0,1,0,0,0,1,1,1
"686",0,1,0,1,1,0,0,1,1,3
"687",1,0,0,1,0,2,1,0,3,0
"688",2,0,1,1,0,1,0,0,3,1
"689",0,0,0,1,1,1,0,3,4,2
"690",0,1,0,0,0,0,0,0,1,0
"691",0,0,0,0,0,0,0,1,0,1
"692",0,1,2,0,1,1,1,2,4,2
"693",0,0,0,0,2,0,0,2,0,3
"694",0,0,0,0,0,0,0,1,1,1
"695",0,2,0,1,1,0,0,2,1,4
"696",0,2,0,0,2,0,1,2,1,3
"697",0,0,0,1,1,1,0,3,4,2
"698",0,0,0,1,0,0,0,0,0,1
"699",1,0,0,0,0,1,0,0,3,0
"700",0,0,0,0,0,0,0,0,1,0
"701",0,0,0,1,1,1,0,3,4,2
"702",0,0,0,0,0,0,0,1,0,1
"703",0,1,0,1,1,0,0,1,1,3
"704",1,1,1,1,1,1,1,4,1,5
"705",1,2,2,0,1,0,1,3,3,4
"706",0,0,0,0,0,0,0,0,1,0
"707",2,0,2,3,0,1,0,2,7,1
"708",0,0,0,0,0,0,0,0,1,0
"709",1,0,0,1,0,1,0,0,1,1
"710",0,1,0,0,0,0,0,0,0,1
"711",0,0,0,1,0,0,0,0,2,0
"712",1,1,0,0,1,0,1,1,0,1
"713",0,0,1,0,0,1,0,1,2,2
"714",0,0,1,0,0,1,0,1,2,2
"715",0,0,1,0,0,1,0,1,2,2
"716",0,0,0,1,1,1,0,3,4,2
"717",0,0,1,0,0,1,0,1,2,2
"718",0,1,0,1,1,0,0,1,1,3
"719",0,0,1,0,0,1,0,1,2,2
"720",0,1,0,2,1,1,1,0,2,1
"721",0,0,0,1,1,1,0,3,4,2
"722",0,0,1,0,0,1,0,1,2,2
"723",0,0,0,0,0,0,0,0,0,0
"724",0,0,1,0,0,1,0,1,2,2
"725",0,0,1,0,0,1,0,1,2,2
"726",0,0,0,1,1,1,0,3,4,2
"727",0,0,1,0,0,1,0,1,2,2
"728",0,0,0,0,0,0,0,0,1,0
"729",0,0,0,0,0,1,0,0,2,0
"730",1,0,0,1,0,1,0,2,3,2
"731",0,0,0,0,0,0,0,0,1,0
"732",0,0,0,0,1,0,0,2,0,2
"733",0,0,0,0,0,1,0,0,2,0
"734",1,0,0,1,0,1,0,2,3,2
"735",2,1,1,1,0,4,0,1,5,1
"736",0,1,0,1,1,0,1,2,3,3
"737",1,0,1,1,0,1,0,1,2,0
"738",0,1,0,0,0,0,0,1,0,1
"739",2,0,0,0,1,0,0,1,3,1
"740",0,0,0,1,0,0,0,0,2,0
"741",1,1,1,1,0,4,0,1,4,1
"742",2,0,2,3,0,1,0,2,7,1
"743",0,0,0,0,0,1,0,0,2,0
"744",0,0,0,0,0,0,0,1,0,2
"745",0,2,0,2,1,0,1,2,3,1
"746",1,1,0,1,2,1,0,3,1,3
"747",2,0,0,2,0,2,0,1,4,0
"748",0,0,0,0,0,0,0,1,0,1
"749",0,0,0,1,0,0,0,0,0,1
"750",0,0,0,1,0,0,0,0,0,1
"751",0,0,0,0,0,0,0,0,1,0
"752",0,0,0,1,1,1,0,3,4,2
"753",0,0,0,1,0,0,0,0,2,0
"754",1,1,0,1,1,2,0,2,3,2
"755",0,1,0,1,1,0,0,1,1,3
"756",0,0,0,1,0,0,0,0,0,1
"757",2,0,0,0,1,0,0,1,3,1
"758",0,0,0,1,1,1,0,3,4,2
"759",1,0,0,2,0,1,0,0,3,0
"760",0,0,0,0,0,0,0,0,1,0
"761",1,0,0,1,0,1,0,2,3,2
"762",0,0,0,1,0,0,0,3,0,1
"763",0,0,1,0,0,1,0,1,2,2
"764",0,0,1,0,0,1,0,1,2,2
"765",0,0,0,0,0,0,0,0,1,0
"766",0,0,0,0,0,0,0,0,0,0
"767",0,0,0,0,0,0,0,0,0,0
"768",0,0,0,0,0,0,0,0,0,0
"769",0,0,0,0,0,0,0,0,0,0
"770",0,0,0,0,0,0,0,0,1,0
"771",0,0,0,0,1,0,0,1,0,2
"772",0,0,0,1,0,0,0,0,0,1
"773",0,0,0,2,0,2,0,1,4,1
"774",0,0,0,0,0,0,0,0,0,0
"775",0,0,0,1,0,0,0,0,0,1
"776",0,0,0,1,1,1,0,3,4,2
"777",0,0,0,0,0,0,0,1,0,1
"778",0,1,0,1,1,0,0,1,1,3
"779",0,0,0,1,0,0,0,0,2,0
"780",0,0,1,1,0,1,0,1,2,2
"781",0,0,0,0,0,1,0,2,2,2
"782",0,1,0,2,1,1,1,0,2,1
"783",0,0,0,0,0,0,0,1,0,1
"784",0,1,0,1,1,0,0,1,1,3
"785",0,0,0,0,0,0,0,0,1,0
"786",0,0,0,0,0,0,0,2,0,2
"787",0,0,0,0,0,0,0,2,1,2
"788",0,1,1,0,1,1,1,1,2,3
"789",1,0,0,1,0,1,1,1,2,1
"790",1,0,0,2,0,1,0,0,3,0
"791",0,0,1,0,0,1,0,1,2,2
"792",0,0,0,1,0,0,0,2,4,3
"793",2,0,1,2,0,2,1,3,2,3
"794",2,0,0,2,0,2,1,2,4,3
"795",0,0,0,1,0,0,0,0,0,1
"796",0,0,0,0,0,0,0,0,0,0
"797",0,0,0,0,0,0,0,0,0,0
"798",1,0,1,2,0,0,0,0,2,0
"799",0,0,0,0,0,0,0,0,0,0
"800",0,0,0,0,0,0,0,0,0,0
"801",0,0,0,0,1,0,0,1,1,2
"802",0,0,0,0,0,0,0,0,0,0
"803",1,0,0,1,0,1,0,0,1,1
"804",0,0,1,0,0,1,0,1,2,2
"805",1,4,0,0,3,1,2,4,1,5
"806",0,0,0,0,0,0,0,0,1,0
"807",0,0,0,0,0,0,0,0,1,0
"808",0,0,0,1,0,0,0,0,2,0
"809",0,0,1,0,0,1,0,1,2,2
"810",0,0,0,1,0,0,0,0,0,1
"811",0,0,0,0,0,0,0,0,0,0
"812",0,0,0,0,0,0,0,0,1,0
"813",0,1,0,0,3,1,0,3,0,4
"814",1,2,0,1,0,1,0,1,1,0
"815",0,2,0,2,1,0,1,2,3,1
"816",0,0,0,0,0,0,0,0,1,0
"817",0,1,0,0,0,0,0,0,1,0
"818",1,0,0,1,0,1,1,1,2,1
"819",0,0,0,1,0,0,0,0,0,1
"820",0,1,0,1,1,0,0,1,1,3
"821",0,1,0,1,1,0,0,1,1,3
"822",0,1,0,1,1,0,0,1,1,3
"823",0,0,0,2,0,2,0,1,4,1
"824",0,0,0,1,0,0,0,0,2,1
"825",1,0,0,1,0,1,0,2,3,2
"826",0,1,0,1,1,0,0,1,1,3
"827",0,0,0,0,0,0,0,1,2,1
"828",0,0,0,0,0,0,0,1,1,1
"829",1,0,0,0,0,0,0,1,1,1
"830",0,0,0,0,0,0,0,1,2,2
"831",0,0,0,0,0,0,0,0,1,0
"832",0,3,0,0,3,0,2,3,1,6
"833",0,1,0,0,0,0,0,0,2,0
"834",0,0,0,0,0,0,0,0,1,0
"835",0,0,0,0,0,0,0,0,0,1
"836",0,0,1,0,0,0,0,0,2,0
"837",0,0,0,0,0,0,0,0,1,0
"838",0,0,0,0,0,0,0,1,1,2
"839",0,1,0,0,1,0,1,1,1,2
"840",0,0,0,0,0,1,0,0,1,0
"841",0,0,0,0,0,1,0,0,1,0
"842",1,3,0,0,2,1,1,3,1,4
"843",0,0,1,0,0,1,0,1,2,2
"844",1,1,0,0,1,3,2,2,3,1
"845",0,0,0,1,0,0,0,0,0,1
"846",0,0,0,0,0,0,0,0,0,0
"847",1,1,0,0,1,3,2,3,3,2
"848",0,0,0,0,0,0,0,0,1,0
"849",0,2,0,2,1,0,1,2,3,1
"850",1,1,0,0,1,3,2,3,3,2
"851",0,0,1,0,0,1,0,1,2,2
"852",1,1,0,0,1,3,2,3,3,2
"853",1,1,0,0,1,3,2,3,3,2
"854",0,0,0,0,0,0,0,2,0,2
"855",1,1,0,0,1,3,2,3,3,2
"856",1,1,0,0,1,3,2,3,3,2
"857",0,0,0,0,0,0,0,0,1,0
"858",1,1,0,0,1,3,2,3,3,2
"859",0,2,0,2,1,0,1,2,3,1
"860",0,0,0,0,1,0,1,1,1,2
"861",1,1,0,0,1,3,2,3,3,2
"862",1,1,0,0,1,3,2,3,3,2
"863",0,0,0,0,0,0,0,0,1,0
"864",3,0,2,2,1,3,0,4,4,3
"865",1,1,0,0,1,3,2,3,3,2
"866",2,0,0,2,0,2,1,2,4,3
"867",0,0,1,0,0,1,0,1,2,2
"868",0,0,0,0,0,0,0,0,1,0
"869",0,0,0,1,0,0,0,0,0,1
"870",1,1,0,1,0,1,0,0,2,0
"871",1,1,0,0,1,3,2,3,3,2
"872",0,0,0,0,0,0,0,0,0,0
"873",0,0,1,0,0,1,0,1,2,2
"874",0,0,0,0,0,0,0,0,1,0
"875",1,1,0,0,1,3,2,3,3,2
"876",0,0,0,1,1,1,0,3,4,2
"877",0,1,0,0,2,0,1,1,0,3
"878",0,0,0,1,0,0,0,0,0,1
"879",0,0,0,0,0,0,0,2,1,2
"880",0,1,0,0,2,0,1,1,0,2
"881",0,1,0,0,0,0,0,0,1,0
"882",0,1,0,1,1,0,0,1,1,3
"883",0,0,1,0,0,1,0,1,2,2
"884",1,1,0,0,1,3,2,3,3,2
"885",0,0,0,0,0,0,0,0,2,0
"886",0,0,0,0,1,1,0,0,0,1
"887",1,0,0,1,0,0,0,0,2,0
"888",1,0,0,2,0,1,0,0,3,0
"889",0,1,0,1,1,0,0,1,1,3
"890",1,0,0,1,0,0,0,0,2,0
"891",0,0,0,2,0,2,0,1,4,1
"892",0,0,0,0,0,0,0,0,0,0
"893",0,0,0,0,0,0,0,0,1,0
"894",1,1,0,0,1,3,2,3,3,2
"895",0,1,0,1,1,0,0,1,1,3
"896",2,2,0,3,0,1,1,2,3,3
"897",0,0,0,1,1,1,0,3,4,2
"898",0,0,0,0,0,0,0,2,1,2
"899",0,0,0,0,0,0,0,2,1,2
"900",0,0,0,0,0,0,0,2,1,2
"901",0,0,0,0,0,0,0,0,1,1
"902",0,0,0,0,0,0,0,2,1,2
"903",0,2,0,2,1,0,1,2,3,1
"904",0,0,0,0,0,0,0,2,1,2
"905",0,2,0,2,1,0,1,2,3,1
"906",2,0,0,2,0,2,0,1,4,0
"907",0,0,0,0,0,0,0,2,1,2
"908",0,0,0,1,1,1,0,3,4,2
"909",0,0,0,0,0,0,0,2,1,2
"910",0,0,0,0,0,0,0,2,1,2
"911",1,1,1,1,1,1,1,2,1,2
"912",0,0,1,0,0,1,0,1,2,2
"913",0,0,0,0,0,0,0,0,1,0
"914",0,2,0,2,1,0,1,2,3,1
"915",0,0,0,0,0,0,0,2,1,2
"916",0,0,0,0,0,0,0,2,1,2
"917",0,0,0,1,0,0,0,0,2,0
"918",0,0,0,0,0,0,0,2,1,2
"919",0,0,0,1,1,1,0,3,4,2
"920",1,1,0,0,1,3,2,3,3,2
"921",2,2,0,3,0,1,1,2,3,3
"922",2,0,1,3,0,0,0,1,3,1
"923",2,0,1,3,0,0,0,1,3,1
"924",0,0,0,0,0,0,0,2,1,2
"925",1,1,0,0,1,3,2,3,3,2
"926",0,0,0,0,0,0,0,2,1,2
"927",0,0,0,0,0,0,0,0,1,0
"928",0,2,0,2,1,0,1,2,3,1
"929",1,1,0,0,1,3,2,3,3,2
"930",0,0,1,0,0,1,0,1,2,2
"931",0,0,0,0,0,0,0,2,1,2
"932",0,1,0,1,1,0,0,1,1,3
"933",0,0,0,0,0,0,0,2,1,2
"934",0,0,0,0,0,0,0,0,0,0
"935",0,0,0,0,0,0,0,0,1,0
"936",0,0,0,0,0,0,0,2,1,2
"937",0,1,0,1,1,0,0,1,1,3
"938",0,0,0,0,0,0,0,0,0,0
"939",0,0,0,0,0,0,0,0,0,0
"940",0,0,0,1,1,1,0,3,4,2
"941",0,0,0,0,0,0,0,2,1,2
"942",1,1,0,0,1,3,2,3,3,2
"943",0,1,0,0,0,0,0,0,0,0
"944",0,0,0,0,0,0,0,2,1,2
"945",1,1,0,0,1,3,2,3,3,2
"946",0,1,0,0,1,0,1,1,1,2
"947",0,1,0,1,1,0,0,1,1,3
"948",2,0,1,1,0,1,1,0,3,0
"949",0,0,0,0,0,0,0,0,1,1
"950",1,0,1,1,0,3,0,1,5,2
"951",1,0,0,1,1,1,1,1,2,1
"952",1,0,0,1,0,1,0,0,1,1
"953",0,0,0,0,0,0,0,0,1,0
"954",0,0,0,0,0,0,0,2,1,2
"955",0,0,0,0,0,0,0,1,1,1
"956",1,0,0,1,0,1,0,0,2,1
"957",0,0,0,0,0,0,0,1,1,1
"958",0,0,0,0,0,0,0,1,1,1
"959",0,0,0,0,0,0,0,2,1,2
"960",0,0,0,0,0,0,0,0,1,1
"961",0,1,0,1,1,0,0,1,1,3
"962",0,0,0,0,0,0,0,2,1,2
"963",0,0,0,0,0,0,0,0,0,0
"964",0,1,0,1,1,0,0,1,1,3
"965",1,1,0,0,1,3,2,3,3,2
"966",0,0,0,0,0,0,0,2,1,2
"967",0,1,0,2,1,3,0,2,3,2
"968",0,2,0,1,1,0,0,2,1,4
"969",1,0,0,1,0,0,0,0,2,2
"970",0,0,0,0,0,0,0,0,1,0
"971",2,0,0,2,0,2,1,2,4,3
"972",0,0,0,2,0,2,0,1,4,1
"973",0,0,0,0,0,0,0,0,1,0
"974",1,0,1,1,0,1,0,1,3,1
"975",0,0,0,0,0,0,0,2,1,2
"976",1,1,0,0,1,1,1,2,3,3
"977",0,0,0,0,0,0,0,1,0,1
"978",0,1,0,1,1,0,0,1,1,3
"979",0,0,0,0,0,0,0,0,1,0
"980",0,0,0,0,0,1,0,0,1,0
"981",0,1,0,1,1,0,0,1,1,3
"982",0,0,0,0,0,0,0,0,1,0
"983",0,0,0,0,0,0,0,1,1,1
"984",1,1,0,1,1,2,0,2,3,2
"985",0,0,0,0,0,0,0,1,0,1
"986",1,0,0,1,0,1,0,0,2,1
"987",0,0,0,0,0,0,0,2,0,2
"988",0,1,0,2,1,1,1,0,2,1
"989",0,0,0,0,0,0,0,0,0,0
"990",0,0,0,0,0,0,0,1,0,1
"991",0,0,0,0,1,0,0,1,0,2
"992",0,0,0,0,0,0,0,0,0,1
"993",0,1,0,1,1,0,0,1,1,3
"994",0,0,0,0,0,0,0,0,1,0
"995",1,0,0,1,1,1,0,1,2,1
"996",0,0,0,0,0,0,0,0,3,0
"997",0,0,0,0,0,0,0,1,1,1
"998",0,0,0,0,0,0,0,0,3,0
"999",0,2,0,2,1,0,1,2,3,1
"1000",0,0,0,0,0,0,0,1,0,1
"1001",0,0,0,1,0,1,0,2,1,2
"1002",0,0,0,0,0,0,0,1,1,1
"1003",0,0,0,1,0,0,0,0,2,0
"1004",0,0,0,0,0,0,0,1,1,1
"1005",0,1,0,2,1,1,1,2,3,3
"1006",0,0,0,0,0,0,0,1,1,1
"1007",0,0,0,0,0,0,0,0,1,1
"1008",0,0,0,0,0,0,0,0,2,0
"1009",0,1,0,1,1,0,0,1,1,3
"1010",0,0,0,0,0,0,0,1,1,1
"1011",0,0,0,1,0,1,0,0,2,0
"1012",0,0,0,0,0,0,0,2,1,2
"1013",1,0,1,1,0,2,0,1,4,0
"1014",0,0,0,0,0,0,0,0,0,0
"1015",0,0,0,0,0,0,0,1,1,1
"1016",0,0,0,0,0,0,0,2,1,2
"1017",0,0,0,0,0,0,1,0,0,1
"1018",0,0,0,0,0,0,0,1,1,1
"1019",0,0,0,1,0,0,0,0,0,1
"1020",0,0,0,0,0,0,0,2,1,2
"1021",0,0,0,0,0,0,0,2,1,2
"1022",1,0,0,0,0,0,0,2,2,1
"1023",1,0,0,0,1,1,0,2,2,2
"1024",0,0,0,0,0,0,0,1,1,1
"1025",1,0,0,0,1,0,0,0,2,3
"1026",2,0,1,3,0,0,0,1,3,1
"1027",0,0,0,1,0,0,0,1,0,1
"1028",1,0,1,1,0,3,0,1,5,2
"1029",0,0,0,0,0,0,0,0,0,0
"1030",0,2,0,2,1,0,1,2,3,1
"1031",0,0,0,0,0,0,0,0,1,0
"1032",0,1,0,1,1,0,0,1,1,3
"1033",0,2,0,0,2,0,0,3,2,4
"1034",0,0,0,0,0,0,0,2,1,2
"1035",0,0,0,0,0,0,0,1,1,1
"1036",2,0,1,3,0,0,0,1,3,1
"1037",2,0,2,3,0,1,0,2,7,1
"1038",3,0,3,2,0,2,0,1,3,1
"1039",0,0,0,2,0,2,0,1,4,1
"1040",0,0,0,0,0,0,0,2,0,2
"1041",0,0,1,0,0,1,0,1,2,2
"1042",1,1,1,1,1,1,0,2,3,3
"1043",1,1,1,1,0,1,0,0,1,1
"1044",0,0,0,0,0,0,0,1,1,1
"1045",1,0,0,2,0,2,0,1,2,1
"1046",0,0,0,0,0,0,0,0,0,0
"1047",0,2,0,2,1,0,1,2,3,1
"1048",0,0,0,0,0,0,0,2,1,2
"1049",0,0,0,0,0,0,0,2,1,2
"1050",0,0,0,2,0,2,0,1,4,1
"1051",1,1,0,0,1,3,2,3,3,2
"1052",0,0,0,0,0,0,0,0,1,0
"1053",0,0,0,0,0,0,0,0,0,0
"1054",2,2,0,3,0,1,1,1,3,1
"1055",1,1,0,0,1,0,1,2,0,2
"1056",1,0,0,0,0,0,0,2,1,2
"1057",1,0,0,0,1,0,0,0,2,3
"1058",0,1,0,0,1,0,0,2,2,5
"1059",0,1,0,0,0,0,0,0,1,0
"1060",0,0,0,0,0,0,0,0,0,0
"1061",0,0,0,1,0,0,0,1,1,2
"1062",0,0,0,0,0,0,0,0,1,0
"1063",1,0,0,2,0,1,0,0,3,0
"1064",1,1,0,1,1,1,0,0,1,1
"1065",0,0,0,0,0,0,0,1,0,1
"1066",0,0,1,0,0,1,0,1,2,2
"1067",0,0,0,0,0,0,0,1,1,1
"1068",0,0,0,0,0,0,0,0,1,0
"1069",3,1,1,4,0,2,1,0,4,2
"1070",0,0,0,0,0,0,0,2,1,2
"1071",1,0,0,2,0,1,0,0,3,0
"1072",0,0,0,0,0,0,0,1,1,1
"1073",0,0,1,0,0,1,0,1,2,2
"1074",0,0,0,1,0,0,0,0,2,2
"1075",1,0,0,0,0,0,0,1,2,1
"1076",0,0,0,0,0,0,0,2,1,2
"1077",1,0,1,1,0,1,0,0,3,2
"1078",2,0,2,0,1,1,0,4,3,3
"1079",1,0,2,1,0,1,0,0,4,2
"1080",1,0,0,1,0,0,0,2,1,4
"1081",1,0,2,1,0,1,0,0,4,2
"1082",1,0,0,1,0,0,0,2,1,4
"1083",0,0,0,0,0,0,0,0,2,0
"1084",0,2,0,2,1,0,1,2,3,1
"1085",0,1,0,0,0,0,0,1,1,1
"1086",0,0,0,0,0,0,0,0,2,0
"1087",0,0,0,0,0,0,0,1,0,1
"1088",1,0,0,0,1,0,0,1,2,2
"1089",0,1,0,1,1,0,0,1,1,3
"1090",0,0,0,0,0,0,0,2,1,2
"1091",0,0,0,0,0,0,0,0,1,0
"1092",0,1,0,2,1,1,1,2,3,3
"1093",1,0,0,0,1,0,0,0,2,3
"1094",0,0,0,0,0,0,0,1,1,1
"1095",1,0,0,0,1,0,0,0,2,3
"1096",0,0,0,0,0,0,0,2,1,2
"1097",0,0,0,0,0,0,0,2,1,2
"1098",0,0,0,0,0,0,0,2,1,2
"1099",0,1,0,1,1,0,0,1,1,3
"1100",0,0,0,0,0,0,0,0,1,0
"1101",0,0,0,0,0,1,1,1,2,1
"1102",0,0,0,0,0,1,1,1,2,1
"1103",1,0,0,0,1,0,0,0,2,3
"1104",1,1,0,0,0,0,0,0,2,0
"1105",0,0,0,1,1,1,0,3,4,2
"1106",1,0,0,0,1,0,0,0,2,3
"1107",2,0,1,2,0,1,1,1,3,2
"1108",0,0,0,0,0,0,0,2,1,2
"1109",0,0,0,0,0,0,0,2,1,2
"1110",1,1,0,0,1,1,0,1,1,3
"1111",1,0,0,2,0,0,1,1,3,3
"1112",2,0,1,2,0,2,0,1,4,0
"1113",2,0,1,2,0,2,0,1,4,0
"1114",0,0,0,0,0,1,1,1,2,1
"1115",0,1,1,1,0,1,0,1,4,1
"1116",0,0,1,0,0,1,0,1,2,2
"1117",1,0,0,0,1,0,1,0,3,1
"1118",0,1,0,1,1,0,0,1,1,3
"1119",2,2,0,1,0,1,0,3,4,2
"1120",0,0,0,0,0,0,0,0,3,0
"1121",0,0,0,1,0,0,0,0,2,0
"1122",1,1,0,2,0,1,1,1,2,1
"1123",0,0,0,0,0,0,0,0,1,0
"1124",2,0,1,2,0,2,0,1,4,0
"1125",2,0,1,2,0,2,0,1,4,0
"1126",0,0,0,0,0,0,0,2,1,2
"1127",1,0,0,0,1,0,0,0,2,3
"1128",0,2,1,1,0,0,0,2,3,2
"1129",0,0,1,0,0,1,0,1,2,2
"1130",1,0,0,0,1,0,0,0,2,3
"1131",0,0,0,0,0,0,0,1,0,0
"1132",2,0,1,2,0,2,0,1,4,0
"1133",0,0,1,0,0,1,0,1,2,2
"1134",0,1,0,1,1,0,0,1,1,3
"1135",1,1,1,1,2,1,0,1,2,2
"1136",1,0,0,0,1,0,0,0,2,3
"1137",0,0,0,0,0,0,0,0,1,0
"1138",2,0,1,2,0,2,0,1,4,0
"1139",1,0,0,1,0,0,0,2,1,4
"1140",1,0,0,0,1,0,0,0,2,3
"1141",0,0,0,0,0,0,0,1,1,1
"1142",0,0,1,0,0,1,0,1,2,2
"1143",2,0,1,2,0,2,0,1,4,0
"1144",0,0,0,0,0,0,0,2,1,2
"1145",0,0,0,0,0,0,0,2,1,2
"1146",0,0,0,0,0,1,0,1,1,1
"1147",0,0,0,0,0,0,0,2,1,2
"1148",1,0,0,1,0,0,0,1,2,1
"1149",0,0,0,0,0,0,0,2,1,2
"1150",1,1,2,0,0,0,0,1,2,0
"1151",0,0,0,0,0,0,0,0,0,0
"1152",0,0,0,1,0,0,0,0,2,0
"1153",0,0,0,0,0,0,0,0,0,0
"1154",1,0,1,1,0,3,0,1,5,2
"1155",0,0,1,0,0,1,0,1,2,2
"1156",1,0,0,0,0,1,0,1,3,1
"1157",0,1,0,1,1,0,0,1,1,3
"1158",0,0,0,0,0,0,0,0,1,0
"1159",1,0,0,0,1,0,0,0,2,3
"1160",1,0,0,0,0,1,0,1,3,1
"1161",1,0,0,0,0,1,0,1,3,1
"1162",0,0,0,0,0,1,1,1,2,1
"1163",1,1,2,0,0,0,0,1,2,0
"1164",0,0,0,0,0,0,0,2,1,2
"1165",0,0,1,0,0,1,0,1,2,2
"1166",0,1,0,1,1,0,0,1,1,3
"1167",0,0,0,0,0,0,0,0,1,0
"1168",2,0,1,2,1,2,1,1,6,3
"1169",2,1,0,2,0,2,0,0,4,0
"1170",2,1,0,2,0,2,0,1,3,0
"1171",0,1,0,2,1,1,1,2,3,3
"1172",1,0,0,0,1,0,0,0,2,3
"1173",1,0,0,0,1,0,0,0,2,3
"1174",0,0,0,0,1,0,1,0,0,1
"1175",2,0,1,2,0,2,0,1,4,0
"1176",2,0,1,2,0,2,0,1,4,0
"1177",1,0,0,2,0,2,0,0,3,1
"1178",1,0,0,0,0,1,0,1,3,1
"1179",0,0,0,0,0,0,0,0,1,0
"1180",1,0,0,1,0,1,0,1,2,1
"1181",0,0,0,0,0,0,0,2,0,2
"1182",0,0,0,0,0,0,0,2,1,2
"1183",1,0,0,2,0,0,0,1,3,1
"1184",1,1,0,0,1,2,0,1,3,2
"1185",0,0,0,0,0,0,0,2,1,2
"1186",0,2,0,2,1,0,1,2,3,1
"1187",1,0,0,2,0,2,0,0,3,1
"1188",0,0,0,0,0,0,0,0,1,0
"1189",0,2,0,2,1,0,1,2,3,1
"1190",1,1,0,0,0,0,0,1,2,1
"1191",0,0,0,0,0,0,0,0,1,0
"1192",0,0,0,0,0,0,0,0,0,0
"1193",2,0,1,2,0,2,0,1,4,0
"1194",1,1,0,0,1,3,2,3,3,2
"1195",0,0,0,0,0,0,0,1,0,1
"1196",0,0,0,0,0,0,0,2,1,2
"1197",0,1,1,0,1,0,0,2,1,2
"1198",0,0,1,0,0,1,0,1,2,2
"1199",0,1,1,0,1,0,0,2,1,2
"1200",1,0,1,2,0,2,1,0,3,0
"1201",0,0,0,0,0,0,0,1,0,1
"1202",2,0,0,2,0,2,1,2,4,3
"1203",2,0,1,2,0,2,0,1,4,0
"1204",0,0,1,1,0,1,0,2,1,1
"1205",0,1,0,0,0,0,0,1,0,1
"1206",1,0,0,0,1,0,0,0,2,3
"1207",0,0,0,0,0,0,0,2,1,2
"1208",0,0,0,0,0,0,0,0,1,0
"1209",0,0,0,0,1,0,0,2,0,2
"1210",0,0,1,0,0,1,0,1,2,2
"1211",0,0,0,0,0,0,0,1,1,1
"1212",0,0,0,0,0,0,0,2,1,2
"1213",2,0,0,1,1,1,0,1,3,1
"1214",0,0,0,0,0,0,0,1,0,1
"1215",0,0,0,0,0,0,0,2,1,2
"1216",0,0,0,0,0,0,0,1,0,1
"1217",1,0,2,0,0,0,0,3,3,3
"1218",0,1,1,0,1,0,0,2,1,2
"1219",1,0,0,2,0,0,0,1,3,1
"1220",0,1,1,0,1,0,0,2,1,2
"1221",1,0,1,2,0,3,0,1,3,2
"1222",0,0,0,0,0,0,0,2,1,2
"1223",1,0,1,2,0,3,0,1,3,2
"1224",0,1,1,0,1,0,0,2,1,2
"1225",1,0,1,2,0,3,0,1,3,2
"1226",1,0,0,0,1,0,0,0,2,3
"1227",1,0,0,0,1,0,0,0,2,3
"1228",0,0,0,0,0,0,0,2,0,2
"1229",0,0,0,0,0,0,0,0,0,0
"1230",0,1,1,0,1,0,0,2,1,2
"1231",2,0,1,1,0,1,1,0,3,0
"1232",0,0,0,0,0,0,0,0,0,0
"1233",0,0,0,0,0,0,0,0,0,0
"1234",0,0,1,0,0,1,0,1,2,2
"1235",0,0,0,0,0,0,0,2,1,2
"1236",0,2,0,0,0,0,0,0,2,3
"1237",0,1,0,0,1,1,0,2,1,2
"1238",0,0,0,0,0,0,0,2,1,2
"1239",0,1,0,0,0,0,0,1,3,2
"1240",1,0,1,2,0,1,1,1,2,1
"1241",0,0,0,0,0,1,0,1,2,1
"1242",1,1,2,2,1,3,1,1,3,5
"1243",1,0,1,1,0,1,0,1,1,1
"1244",1,0,0,0,0,0,0,0,3,0
"1245",1,0,1,3,0,2,0,1,6,1
"1246",0,0,0,0,0,0,0,2,1,2
"1247",0,1,1,0,1,0,0,2,1,2
"1248",0,0,1,0,0,1,0,1,2,2
"1249",0,0,1,1,0,1,0,1,2,1
"1250",0,0,1,1,0,1,0,1,2,1
"1251",0,0,0,0,0,0,0,2,1,2
"1252",0,0,0,0,0,0,0,2,1,2
"1253",0,0,0,1,0,0,0,0,0,1
"1254",1,1,0,0,1,3,2,3,3,2
"1255",0,1,1,0,1,0,0,2,1,2
"1256",0,0,0,0,0,0,0,2,1,2
"1257",2,0,1,1,0,1,0,0,3,0
"1258",0,1,1,0,1,0,0,2,1,2
"1259",0,0,0,0,0,0,0,0,1,0
"1260",1,0,1,2,0,3,0,1,3,2
"1261",0,1,1,0,1,0,0,2,1,2
"1262",1,0,0,0,1,0,0,0,2,3
"1263",0,0,0,0,0,0,0,2,1,2
"1264",0,0,0,0,0,0,0,2,1,2
"1265",1,0,0,0,1,0,0,0,2,3
"1266",0,0,0,0,0,1,1,1,2,1
"1267",1,0,0,0,0,0,0,0,2,0
"1268",0,0,0,0,0,0,0,2,1,2
"1269",1,0,0,0,1,0,0,0,2,3
"1270",1,0,0,0,0,0,0,0,2,0
"1271",0,0,0,0,0,1,0,0,2,0
"1272",0,0,0,0,0,0,0,2,1,2
"1273",1,0,0,1,1,1,0,1,2,1
"1274",0,0,1,0,0,1,0,1,2,2
"1275",0,0,0,0,0,0,0,0,0,0
"1276",0,1,1,0,1,0,0,2,1,2
"1277",1,2,0,2,2,2,1,5,5,3
"1278",1,0,0,0,0,1,0,1,3,1
"1279",0,0,0,0,0,0,0,2,1,2
"1280",2,0,1,1,0,1,0,0,3,0
"1281",1,0,1,2,0,3,0,1,3,2
"1282",0,0,0,0,0,1,0,1,2,1
"1283",0,0,0,0,0,0,0,2,1,2
"1284",0,0,0,0,0,0,0,2,1,2
"1285",0,0,0,0,0,0,0,2,1,2
"1286",0,0,0,0,0,0,0,1,2,1
"1287",0,0,0,0,0,0,0,0,0,0
"1288",0,0,0,0,0,0,0,2,1,2
"1289",1,0,0,2,0,0,0,1,3,1
"1290",0,1,1,0,1,0,0,2,1,2
"1291",2,0,0,2,0,1,0,1,2,1
"1292",0,0,0,0,0,1,0,1,2,1
"1293",0,0,0,0,0,0,0,2,1,2
"1294",0,1,1,0,1,0,0,2,1,2
"1295",1,1,2,2,1,3,1,1,3,5
"1296",0,1,1,0,1,0,0,2,1,2
"1297",0,0,0,0,0,0,0,2,1,2
"1298",0,0,0,0,0,0,0,1,1,1
"1299",0,0,0,0,0,0,0,2,1,2
"1300",0,0,0,0,0,0,0,2,1,2
"1301",0,0,0,0,0,0,0,0,1,0
"1302",0,0,0,0,0,1,0,1,2,1
"1303",0,0,1,0,0,1,0,1,2,2
"1304",0,0,0,0,0,0,0,2,1,2
"1305",0,0,0,0,0,0,0,2,1,2
"1306",1,2,0,2,2,2,1,5,5,3
"1307",0,0,0,0,0,0,0,2,1,2
"1308",0,0,2,0,1,0,0,0,1,1
"1309",0,0,0,0,0,0,0,1,0,2
"1310",0,1,1,0,1,0,0,2,1,2
"1311",1,0,0,0,1,0,0,0,2,3
"1312",1,0,1,2,0,3,0,1,3,2
"1313",1,0,0,0,1,0,0,0,2,3
"1314",0,0,0,0,0,0,0,2,1,2
"1315",0,0,0,0,0,0,0,0,1,0
"1316",2,0,1,2,0,2,0,1,4,0
"1317",0,1,0,1,0,1,0,1,1,1
"1318",0,0,0,0,0,0,0,0,1,0
"1319",0,0,0,0,0,0,0,2,1,2
"1320",0,1,1,0,1,0,0,2,1,2
"1321",0,1,0,1,0,1,0,1,2,1
"1322",0,0,0,0,0,0,0,2,1,2
"1323",0,0,0,0,0,0,0,0,1,0
"1324",0,0,0,0,0,0,0,0,1,0
"1325",0,0,0,0,0,0,0,2,1,2
"1326",3,0,2,2,0,3,0,3,3,1
"1327",0,0,0,0,0,0,0,2,1,2
"1328",2,0,0,2,0,1,0,1,2,1
"1329",1,0,0,0,0,1,0,1,3,1
"1330",0,0,0,0,0,0,0,2,1,2
"1331",0,0,0,0,0,0,0,0,0,0
"1332",0,2,0,0,2,0,2,2,0,3
"1333",3,0,1,3,0,1,0,1,5,3
"1334",0,0,0,0,0,0,0,2,1,2
"1335",0,0,0,0,0,0,0,2,1,2
"1336",0,0,0,0,0,0,0,0,0,1
"1337",0,0,0,0,0,0,0,0,0,1
"1338",0,2,0,2,1,0,1,2,3,1
"1339",0,0,0,0,0,0,0,2,1,2
"1340",0,0,1,0,0,1,0,1,2,2
"1341",0,1,1,0,1,0,0,2,1,2
"1342",1,2,0,2,2,2,1,5,5,3
"1343",1,1,0,0,0,1,0,2,1,1
"1344",4,1,2,4,0,5,0,0,6,2
"1345",1,0,1,2,0,3,0,1,3,2
"1346",0,0,0,0,0,0,0,0,0,0
"1347",0,2,0,0,0,0,0,0,2,3
"1348",1,1,0,0,0,1,0,2,1,1
"1349",0,1,1,0,1,0,0,2,1,2
"1350",1,1,0,0,0,1,0,2,1,1
"1351",0,0,0,0,0,0,0,1,1,1
"1352",0,0,0,0,0,0,0,2,1,2
"1353",0,0,0,0,0,0,0,2,1,2
"1354",1,1,0,0,0,1,0,1,1,1
"1355",1,1,2,2,1,3,1,1,3,5
"1356",1,0,0,1,0,0,0,0,1,0
"1357",0,1,0,1,0,0,0,0,2,0
"1358",0,0,0,0,1,0,1,2,0,2
"1359",0,1,1,0,1,0,0,2,1,2
"1360",0,0,0,0,0,0,0,2,1,2
"1361",0,0,0,0,0,0,0,1,0,1
"1362",0,1,1,0,1,0,0,2,1,2
"1363",0,0,0,0,0,0,0,0,0,0
"1364",0,0,0,0,0,0,0,2,1,2
"1365",0,6,0,1,7,2,2,6,1,7
"1366",0,1,1,0,1,0,0,2,1,2
"1367",0,0,0,0,0,0,0,0,1,0
"1368",1,1,0,0,0,1,0,3,1,2
"1369",0,0,0,0,0,0,0,2,1,2
"1370",1,2,0,2,1,1,1,1,1,3
"1371",0,0,0,0,0,0,0,2,1,2
"1372",0,0,0,0,0,0,0,2,1,2
"1373",1,2,0,2,1,1,1,1,1,3
"1374",0,0,0,0,0,0,0,2,1,2
"1375",0,0,0,0,0,0,0,2,1,2
"1376",0,0,0,0,0,0,0,2,1,2
"1377",2,0,0,2,0,1,0,1,2,1
"1378",0,0,0,0,0,0,0,2,1,2
"1379",2,0,1,2,0,2,0,1,3,1
"1380",0,0,0,0,0,0,0,0,0,1
"1381",1,1,0,0,0,1,0,2,1,1
"1382",2,0,0,2,0,1,0,1,2,1
"1383",1,0,0,0,0,0,0,0,2,0
"1384",1,2,0,2,1,1,1,1,1,3
"1385",0,0,0,0,0,1,0,4,2,4
"1386",0,1,1,0,1,0,0,2,1,2
"1387",0,0,0,0,0,0,0,2,1,2
"1388",0,0,0,0,1,0,1,2,0,2
"1389",1,1,0,0,0,1,0,2,1,1
"1390",0,1,0,0,2,1,0,2,1,2
"1391",1,1,0,0,0,1,0,2,1,1
"1392",1,0,0,2,0,1,0,0,2,0
"1393",1,0,0,0,1,0,0,0,2,3
"1394",1,1,1,0,0,0,0,1,1,1
"1395",1,1,0,0,0,1,0,2,1,1
"1396",0,0,0,0,0,0,0,2,1,2
"1397",0,0,0,0,0,0,0,2,1,2
"1398",0,1,0,0,1,0,1,2,0,2
"1399",0,1,0,0,0,0,0,1,0,1
"1400",0,0,0,0,0,0,0,2,1,2
"1401",1,0,0,0,1,0,0,2,1,2
"1402",0,0,0,0,0,0,0,2,1,2
"1403",0,0,0,1,0,1,0,0,2,0
"1404",0,0,0,0,0,0,0,2,1,2
"1405",1,0,0,0,1,0,0,0,2,3
"1406",0,1,0,1,1,0,0,1,1,3
"1407",0,2,0,1,1,1,0,2,1,3
"1408",0,1,0,0,2,0,0,2,0,4
"1409",1,0,0,0,0,0,0,0,2,0
"1410",1,0,0,0,1,0,0,0,2,3
"1411",0,1,0,0,1,0,0,1,4,3
"1412",3,2,0,3,2,1,1,1,3,4
"1413",0,0,0,0,0,0,0,0,0,0
"1414",0,0,0,0,0,0,0,0,0,0
"1415",1,0,0,0,0,0,0,1,2,0
"1416",1,2,0,2,1,1,1,1,1,3
"1417",0,1,0,0,1,0,1,2,0,2
"1418",0,0,0,0,0,0,0,2,1,2
"1419",1,1,0,1,0,1,0,0,2,1
"1420",0,0,0,0,0,0,0,2,1,2
"1421",0,0,0,0,0,1,0,0,1,0
"1422",0,0,0,0,0,0,0,0,1,0
"1423",1,0,0,0,0,0,0,1,2,0
"1424",0,0,0,0,0,0,0,0,0,0
"1425",0,0,0,1,0,0,0,0,0,1
"1426",0,0,0,1,0,1,0,0,2,0
"1427",0,0,0,0,0,0,0,0,0,0
"1428",0,0,0,1,1,1,0,3,4,2
"1429",0,0,0,0,0,0,0,2,1,2
"1430",0,0,0,0,0,0,0,2,1,2
"1431",0,1,1,0,1,0,0,2,1,2
"1432",0,0,0,0,1,0,0,0,0,1
"1433",0,1,1,0,1,0,0,2,1,2
"1434",0,0,0,0,0,0,0,0,0,0
"1435",0,0,0,0,0,0,0,2,1,2
"1436",0,0,0,1,0,1,0,0,2,0
"1437",1,1,0,1,0,0,0,1,1,1
"1438",0,0,0,0,0,0,0,2,1,2
"1439",0,0,0,1,0,0,0,1,2,1
"1440",0,0,0,0,0,0,0,1,0,1
"1441",0,0,0,0,0,0,0,2,1,2
"1442",0,0,1,0,0,1,0,1,2,2
"1443",0,0,0,0,0,0,0,2,1,2
"1444",0,0,0,0,1,0,0,1,0,1
"1445",0,0,1,0,0,1,0,1,2,2
"1446",0,0,0,0,0,0,0,0,0,0
"1447",0,0,0,0,0,0,0,1,1,0
"1448",2,0,2,0,0,2,1,1,6,1
"1449",0,0,0,0,0,0,0,2,1,2
"1450",0,0,0,2,0,2,0,1,4,1
"1451",0,0,0,0,2,1,0,0,1,2
"1452",0,0,1,0,0,0,0,3,3,2
"1453",0,0,1,0,0,1,0,1,2,2
"1454",1,0,0,0,0,0,0,1,2,1
"1455",1,0,0,1,0,1,1,0,2,0
"1456",1,0,0,0,1,0,0,0,2,3
"1457",0,1,0,0,1,0,0,2,2,2
"1458",0,0,0,0,0,1,1,1,2,1
"1459",0,0,0,0,0,1,1,1,2,1
"1460",0,0,0,0,0,1,1,1,2,1
"1461",0,0,0,0,0,0,0,2,1,2
"1462",0,0,0,0,0,0,0,0,0,0
"1463",2,1,0,0,0,0,0,2,2,2
"1464",2,0,2,0,0,2,1,1,6,1
"1465",0,2,0,0,2,0,1,1,0,4
"1466",1,0,0,0,0,0,0,1,2,1
"1467",0,0,0,0,0,0,0,2,1,2
"1468",0,0,0,0,0,0,0,2,1,2
"1469",1,0,0,0,0,0,0,0,2,0
"1470",0,0,0,0,0,0,0,1,0,1
"1471",1,0,0,1,0,1,0,0,1,1
"1472",1,0,0,0,0,0,0,0,2,0
"1473",1,0,0,0,0,0,0,0,2,0
"1474",0,1,0,0,1,0,0,1,3,1
"1475",0,0,0,0,0,1,1,1,2,1
"1476",1,0,0,0,0,0,0,0,2,0
"1477",0,0,0,0,0,0,0,2,1,2
"1478",0,0,0,0,0,0,0,2,1,2
"1479",0,1,0,0,1,0,0,1,3,1
"1480",0,0,0,0,0,0,0,0,1,0
"1481",0,1,0,0,1,0,0,1,3,1
"1482",0,1,0,0,1,0,0,1,3,1
"1483",1,0,0,0,0,0,0,0,2,0
"1484",1,0,1,2,0,3,0,1,3,2
"1485",1,2,0,2,1,1,1,1,1,3
"1486",0,2,0,2,1,0,1,2,3,1
"1487",1,1,1,1,0,1,0,0,2,0
"1488",0,2,0,0,2,0,1,2,2,3
"1489",0,0,0,0,0,0,0,0,0,0
"1490",0,0,0,0,0,1,1,1,2,1
"1491",0,0,0,0,0,0,0,1,0,1
"1492",0,0,0,0,0,0,0,2,1,2
"1493",0,0,0,0,0,0,0,2,1,2
"1494",2,0,1,2,0,2,0,1,4,0
"1495",0,1,0,0,1,0,0,1,0,3
"1496",0,0,0,1,0,1,0,2,2,2
"1497",1,0,0,1,0,0,0,0,2,0
"1498",0,1,1,0,1,0,0,2,1,2
"1499",0,2,0,0,2,0,1,2,2,3
"1500",0,1,0,0,0,0,0,1,0,1
"1501",0,0,0,0,0,0,0,2,1,2
"1502",1,2,0,2,1,1,1,1,1,3
"1503",0,0,0,0,0,0,0,2,1,2
"1504",0,1,0,0,1,0,0,2,0,2
"1505",0,0,0,0,0,0,0,2,1,2
"1506",0,0,0,0,0,0,0,2,1,2
"1507",0,0,0,0,0,0,0,0,1,0
"1508",0,0,0,0,0,0,0,2,1,2
"1509",1,0,1,1,0,3,0,1,5,2
"1510",0,1,0,0,1,0,0,0,1,1
"1511",0,0,1,0,0,0,0,0,2,2
"1512",0,1,0,0,1,0,0,1,3,1
"1513",0,1,0,0,1,0,0,1,3,1
"1514",0,0,0,0,0,0,0,0,1,0
"1515",0,1,0,0,0,0,0,1,0,1
"1516",0,0,0,0,1,0,0,0,0,1
"1517",0,0,0,0,0,0,0,2,0,2
"1518",1,1,0,1,0,0,0,1,1,1
"1519",0,1,0,0,1,0,0,1,3,1
"1520",3,1,1,4,1,3,1,3,4,3
"1521",0,0,0,0,0,1,0,4,1,2
"1522",1,1,0,0,0,1,0,2,1,1
"1523",1,0,0,2,0,2,0,4,2,2
"1524",0,1,0,2,0,1,1,0,3,0
"1525",1,0,0,2,0,2,0,4,2,2
"1526",0,0,0,0,0,0,0,2,1,2
"1527",1,0,0,2,0,2,0,4,2,2
"1528",1,2,0,2,1,1,1,1,1,3
"1529",1,2,0,2,1,1,1,1,1,3
"1530",0,0,0,0,0,1,0,1,1,1
"1531",1,0,0,2,0,2,0,4,2,2
"1532",0,0,0,0,0,0,0,2,1,2
"1533",1,0,0,2,0,2,0,4,2,2
"1534",0,0,0,0,0,0,0,2,1,2
"1535",0,0,0,0,0,0,0,2,1,2
"1536",0,1,0,0,1,0,0,1,3,1
"1537",0,0,0,0,0,0,0,0,1,0
"1538",0,0,0,0,0,0,0,1,1,2
"1539",1,1,0,0,0,1,0,1,1,1
"1540",0,1,0,1,1,0,1,2,0,2
"1541",1,0,0,2,0,2,0,4,2,2
"1542",0,1,0,0,1,0,0,1,3,1
"1543",0,0,0,0,0,0,0,1,0,1
"1544",0,0,0,0,0,0,0,2,1,2
"1545",1,0,0,2,0,2,0,4,2,2
"1546",1,1,0,1,0,0,0,1,1,1
"1547",1,0,0,2,0,2,0,4,2,2
"1548",0,0,0,0,0,0,0,0,0,0
"1549",0,2,0,0,2,0,1,2,2,3
"1550",0,0,0,0,1,0,0,0,1,4
"1551",0,1,0,0,0,0,0,1,1,1
"1552",1,0,0,0,0,0,0,0,1,0
"1553",0,0,0,0,0,0,0,2,1,2
"1554",1,1,0,0,0,1,0,2,1,1
"1555",0,0,0,0,0,0,0,2,0,2
"1556",0,0,0,0,0,0,0,0,1,0
"1557",2,0,0,2,0,1,0,0,4,0
"1558",1,2,0,2,1,1,1,1,1,3
"1559",1,0,0,0,1,0,0,0,2,3
"1560",0,0,0,0,0,0,0,2,1,2
"1561",0,0,0,0,0,0,0,1,1,1
"1562",0,1,0,0,1,0,0,1,3,1
"1563",0,0,0,0,0,0,1,0,2,1
"1564",0,0,0,0,0,0,0,2,1,2
"1565",0,1,0,2,1,1,1,2,3,3
"1566",0,0,0,0,0,0,0,2,1,2
"1567",1,0,0,0,1,0,0,0,2,3
"1568",0,0,0,0,0,0,0,1,0,1
"1569",1,2,0,0,1,1,1,1,3,1
"1570",0,0,0,0,1,0,0,0,0,1
"1571",1,1,1,1,0,2,0,1,3,0
"1572",0,0,0,0,0,0,0,0,0,0
"1573",0,0,1,0,0,0,0,1,1,1
"1574",1,1,1,1,0,2,0,1,3,0
"1575",0,0,0,0,1,0,0,0,1,4
"1576",0,0,0,0,0,0,0,2,1,2
"1577",2,0,2,0,0,2,1,1,6,1
"1578",0,0,0,0,0,0,0,1,0,1
"1579",0,0,0,0,0,0,0,1,0,2
"1580",1,1,0,0,0,1,0,2,1,1
"1581",1,2,0,2,1,1,1,1,1,3
"1582",0,1,0,0,1,0,0,1,3,1
"1583",0,1,0,2,1,2,1,3,0,2
"1584",1,0,0,1,0,0,0,2,1,2
"1585",0,1,0,0,1,0,0,1,0,1
"1586",1,0,0,1,0,1,0,0,2,1
"1587",1,1,0,0,0,0,0,2,1,2
"1588",1,1,0,1,0,0,0,1,1,1
"1589",2,0,2,0,0,2,1,1,6,1
"1590",1,0,0,1,0,1,0,0,2,1
"1591",0,0,0,1,0,1,0,0,2,0
"1592",0,0,0,0,0,0,0,2,1,2
"1593",1,2,2,4,0,3,0,1,6,0
"1594",0,1,0,0,1,0,0,1,3,1
"1595",1,0,0,0,0,0,0,0,2,0
"1596",0,1,0,0,1,0,0,1,3,1
"1597",0,0,0,0,0,0,0,2,1,2
"1598",0,0,0,0,0,1,0,0,1,0
"1599",0,1,0,0,0,0,0,1,1,2
"1600",1,0,0,1,0,1,0,0,1,1
"1601",1,0,0,1,0,1,0,0,1,1
"1602",1,0,0,1,0,0,0,0,2,0
"1603",1,2,0,1,2,0,1,3,2,4
"1604",1,0,0,1,0,0,0,0,2,0
"1605",0,0,0,0,0,0,0,2,0,2
"1606",1,0,0,0,1,0,0,0,2,3
"1607",0,1,0,0,1,0,1,2,0,2
"1608",1,0,1,2,0,3,1,1,3,2
"1609",1,0,0,0,1,0,0,0,2,3
"1610",1,0,0,1,0,1,0,0,2,0
"1611",0,0,0,0,0,0,0,2,1,2
"1612",0,0,0,0,0,0,0,1,0,1
"1613",0,0,0,0,0,0,0,2,1,2
"1614",0,2,0,0,0,0,0,1,1,2
"1615",0,0,0,0,0,0,0,0,1,0
"1616",1,1,0,0,0,1,0,2,1,1
"1617",0,0,0,0,0,0,0,0,1,0
"1618",1,2,0,2,2,2,1,5,5,3
"1619",0,1,0,0,2,1,1,2,1,3
"1620",0,0,0,0,0,0,0,0,1,0
"1621",0,0,0,0,0,0,0,2,1,2
"1622",0,0,0,0,0,0,0,2,1,2
"1623",0,0,0,0,0,0,0,2,1,2
"1624",1,0,0,1,0,1,0,1,2,0
"1625",0,0,0,0,0,0,0,2,1,2
"1626",0,0,0,0,0,0,0,2,1,2
"1627",0,0,0,0,0,0,0,0,1,0
"1628",0,1,0,1,1,0,0,1,1,3
"1629",0,0,0,0,0,0,0,2,1,2
"1630",1,0,1,3,0,1,1,1,4,1
"1631",1,1,0,1,0,0,0,1,1,1
"1632",0,0,0,0,0,0,0,1,1,1
"1633",0,0,0,0,0,0,0,2,1,2
"1634",1,0,0,0,0,0,0,0,1,0
"1635",0,1,0,0,1,0,0,1,3,1
"1636",0,0,0,0,0,0,0,2,1,2
"1637",0,0,0,0,0,0,0,0,1,0
"1638",0,0,0,1,0,1,0,1,3,1
"1639",0,1,0,0,0,0,0,0,1,0
"1640",0,0,0,0,0,0,0,0,1,0
"1641",1,0,0,2,0,2,0,4,2,2
"1642",0,1,0,1,1,0,0,1,1,3
"1643",1,2,0,1,2,0,1,2,1,2
"1644",0,0,0,0,0,0,0,2,1,2
"1645",1,0,0,0,1,0,0,0,2,3
"1646",1,1,0,1,0,0,0,1,1,1
"1647",0,1,0,0,1,0,0,1,3,1
"1648",0,0,0,0,0,0,0,0,1,0
"1649",0,0,0,0,1,1,0,1,2,2
"1650",0,2,0,0,0,0,0,0,2,3
"1651",1,0,0,0,1,0,0,0,2,3
"1652",1,0,0,2,0,0,0,1,3,1
"1653",1,1,0,1,0,2,0,0,2,0
"1654",0,0,0,0,0,0,0,0,1,0
"1655",0,0,0,0,0,0,0,2,1,2
"1656",1,0,0,1,0,2,0,0,2,0
"1657",1,2,0,2,1,1,1,1,1,3
"1658",0,0,0,0,1,1,0,1,1,2
"1659",0,0,0,0,0,0,0,2,1,2
"1660",1,0,0,0,0,0,0,0,1,0
"1661",0,1,0,0,1,0,0,1,3,1
"1662",0,0,0,0,0,0,0,0,0,0
"1663",0,0,0,0,0,0,0,0,1,0
"1664",2,0,2,0,0,2,1,1,6,1
"1665",0,0,0,0,0,0,0,0,1,0
"1666",0,0,0,0,0,0,0,0,1,0
"1667",1,0,0,1,0,2,0,0,2,0
"1668",0,0,0,0,0,0,0,0,1,0
"1669",0,0,0,0,0,0,0,2,1,2
"1670",0,0,0,0,0,0,0,0,1,0
"1671",0,0,0,0,0,0,0,0,1,1
"1672",0,0,0,0,0,0,0,0,0,1
"1673",0,0,0,0,0,0,0,0,0,0
"1674",2,0,1,1,0,1,0,1,3,1
"1675",0,0,0,0,0,0,0,2,1,2
"1676",0,0,0,0,0,0,0,2,1,2
"1677",0,0,0,0,0,0,0,0,1,0
"1678",2,0,0,2,0,2,1,2,4,3
"1679",2,0,2,0,0,2,1,1,6,1
"1680",2,1,1,3,1,1,0,2,3,3
"1681",0,0,0,0,0,0,0,2,1,2
"1682",0,1,0,0,1,0,0,1,3,1
"1683",0,0,0,0,0,0,0,2,1,2
"1684",0,0,0,0,0,0,0,1,0,2
"1685",0,0,0,0,1,0,0,1,0,2
"1686",1,1,0,1,1,0,0,2,2,3
"1687",0,0,1,0,0,1,0,1,2,2
"1688",0,0,0,0,0,0,0,2,1,2
"1689",0,0,0,0,0,0,0,0,1,0
"1690",0,1,0,0,2,0,1,4,1,4
"1691",1,0,0,1,0,0,0,0,2,0
"1692",2,0,2,3,0,1,0,2,7,1
"1693",0,0,0,0,0,0,0,1,0,1
"1694",0,0,0,0,0,0,0,0,0,0
"1695",0,0,0,0,0,0,0,0,0,1
"1696",0,0,0,0,0,0,0,0,1,0
"1697",0,0,0,0,0,0,0,0,1,0
"1698",0,0,0,0,0,0,0,0,1,0
"1699",0,2,0,0,1,0,1,0,0,1
"1700",0,0,0,0,0,0,0,1,0,1
"1701",0,0,0,0,0,0,0,2,1,2
"1702",0,0,0,0,1,1,0,2,1,3
"1703",0,0,0,0,0,0,0,2,1,2
"1704",0,0,0,0,0,0,0,1,1,1
"1705",0,0,0,0,0,0,0,2,1,2
"1706",1,1,0,0,1,3,2,3,3,2
"1707",0,0,0,0,0,0,0,0,1,0
"1708",0,0,0,0,0,0,0,0,1,0
"1709",2,0,0,1,0,1,0,0,3,0
"1710",2,0,0,1,0,1,0,0,3,0
"1711",2,0,1,2,0,2,0,1,4,0
"1712",1,0,0,0,0,1,0,1,3,1
"1713",0,1,0,1,1,0,0,1,1,3
"1714",1,1,0,1,1,0,0,2,2,3
"1715",0,0,1,0,0,1,0,1,2,2
"1716",1,0,0,0,0,0,0,0,1,0
"1717",0,0,0,0,0,0,0,0,1,0
"1718",0,0,0,0,0,0,0,2,1,2
"1719",0,0,0,0,0,0,0,2,1,2
"1720",1,0,0,0,1,0,0,0,2,3
"1721",0,1,0,0,1,0,0,1,3,1
"1722",0,0,0,0,0,0,0,0,1,0
"1723",0,0,0,0,0,0,0,2,1,2
"1724",1,0,1,1,0,1,1,1,2,1
"1725",0,1,1,0,1,0,0,2,1,2
"1726",0,1,0,0,1,0,0,1,3,1
"1727",0,1,0,0,1,0,0,1,3,1
"1728",0,1,1,0,1,0,0,2,1,2
"1729",0,0,0,0,0,0,0,1,1,1
"1730",1,0,0,1,0,0,0,0,2,0
"1731",0,1,1,0,1,0,0,2,1,2
"1732",0,0,0,0,0,0,0,2,1,2
"1733",0,0,0,0,0,0,0,2,1,2
"1734",0,0,0,0,1,0,0,1,0,2
"1735",0,0,0,0,0,0,0,0,1,0
"1736",1,0,0,1,0,1,0,1,2,0
"1737",0,1,0,0,1,0,0,1,3,1
"1738",0,0,0,0,0,0,0,0,1,0
"1739",0,1,1,0,1,0,0,2,1,2
"1740",0,1,0,0,1,0,0,1,3,1
"1741",0,1,1,0,1,0,0,2,1,2
"1742",0,1,0,0,2,0,0,1,0,2
"1743",0,1,0,0,1,0,0,1,3,1
"1744",0,0,0,0,0,0,0,0,1,0
"1745",2,0,1,2,0,2,0,1,4,0
"1746",2,0,2,3,0,1,0,2,5,3
"1747",2,0,1,2,0,2,0,1,4,0
"1748",1,0,0,1,0,1,0,2,2,2
"1749",0,0,0,1,0,1,0,0,2,1
"1750",0,0,0,0,0,0,0,0,1,0
"1751",0,1,0,0,0,0,0,2,1,1
"1752",0,1,0,0,1,0,0,2,1,3
"1753",0,0,0,0,0,0,0,0,1,0
"1754",1,1,0,0,1,3,2,3,3,2
"1755",3,1,1,3,0,0,0,1,2,2
"1756",2,0,0,1,0,1,0,0,3,0
"1757",0,0,0,0,0,0,0,0,1,0
"1758",0,0,0,0,0,0,0,2,1,2
"1759",0,0,0,0,0,0,0,2,1,2
"1760",2,0,2,0,0,2,1,1,6,1
"1761",1,0,0,0,1,0,0,0,2,3
"1762",0,0,0,0,0,0,0,2,1,2
"1763",0,0,0,0,0,0,0,0,1,0
"1764",0,1,0,0,1,0,0,1,3,1
"1765",1,0,0,2,0,2,0,4,2,2
"1766",1,0,0,0,0,1,0,1,3,1
"1767",0,0,0,0,0,0,0,2,1,2
"1768",2,0,2,0,0,2,1,1,6,1
"1769",1,0,0,2,0,2,0,4,2,2
"1770",0,0,1,3,0,1,0,1,4,1
"1771",0,1,0,0,1,0,0,1,3,1
"1772",0,0,0,0,0,0,0,2,1,2
"1773",2,0,2,0,0,2,1,1,6,1
"1774",0,0,0,0,0,0,0,0,1,1
"1775",0,0,0,0,0,0,0,0,1,1
"1776",0,0,0,0,0,0,0,0,1,1
"1777",0,0,0,0,0,0,0,0,1,1
"1778",1,0,1,1,0,1,1,0,2,0
"1779",1,1,0,0,0,1,0,2,1,1
"1780",1,0,0,0,1,0,0,0,2,3
"1781",1,2,0,0,1,0,1,3,1,3
"1782",0,0,0,2,0,0,0,1,3,0
"1783",1,0,2,1,0,2,0,1,2,1
"1784",0,1,0,0,2,0,0,1,0,2
"1785",0,0,0,0,0,0,0,2,1,2
"1786",1,0,0,0,0,0,0,2,2,1
"1787",0,0,0,0,0,0,0,0,1,0
"1788",0,0,0,0,0,0,0,2,1,2
"1789",0,1,1,0,1,0,0,2,1,2
"1790",0,1,1,0,1,0,0,2,1,2
"1791",0,2,0,0,1,0,1,1,1,3
"1792",0,0,0,0,0,0,0,0,1,0
"1793",0,0,0,0,0,0,0,2,1,2
"1794",0,2,0,0,2,0,1,2,2,3
"1795",0,1,1,0,1,0,0,2,1,2
"1796",0,0,0,0,0,0,0,1,1,2
"1797",1,0,0,0,1,0,0,0,2,3
"1798",0,0,0,0,0,0,1,1,0,1
"1799",0,0,0,0,0,0,0,2,1,2
"1800",1,0,1,2,0,3,0,1,3,2
"1801",2,1,0,2,0,0,0,2,3,2
"1802",0,1,0,0,1,0,0,1,3,1
"1803",2,0,0,2,0,2,1,2,4,3
"1804",2,0,2,0,0,2,1,1,6,1
"1805",0,0,0,0,0,0,0,0,1,0
"1806",0,0,0,0,0,0,0,1,0,0
"1807",0,0,0,0,0,0,0,2,1,2
"1808",0,1,1,0,1,0,0,2,1,2
"1809",0,1,0,0,1,0,0,1,3,1
"1810",2,0,2,0,0,2,1,1,6,1
"1811",0,0,0,0,0,0,0,0,1,0
"1812",0,1,0,0,1,0,0,1,3,1
"1813",1,1,0,2,0,2,0,1,3,2
"1814",0,0,0,0,0,0,0,1,0,1
"1815",0,0,0,0,0,0,0,0,1,0
"1816",0,0,0,0,0,0,0,2,1,2
"1817",0,0,0,0,0,0,0,0,1,0
"1818",2,0,2,0,0,2,1,1,6,1
"1819",0,0,0,1,0,0,0,1,0,1
"1820",1,0,0,1,0,1,0,1,2,0
"1821",0,0,0,0,0,0,0,1,1,1
"1822",0,0,0,0,0,0,0,0,1,0
"1823",0,0,0,0,0,0,0,0,1,0
"1824",0,0,0,0,0,0,0,0,1,0
"1825",0,0,0,1,0,0,0,1,0,1
"1826",0,1,0,0,1,0,0,1,3,1
"1827",0,0,0,1,0,1,0,2,1,1
"1828",0,0,0,0,0,0,0,2,1,2
"1829",0,0,0,0,0,0,0,2,1,2
"1830",1,0,0,0,1,0,0,0,2,3
"1831",0,1,0,0,1,0,0,1,3,1
"1832",0,0,0,0,0,0,0,2,1,2
"1833",1,1,2,2,1,3,1,1,3,5
"1834",0,0,0,0,0,0,0,0,1,0
"1835",0,0,0,1,0,1,0,0,1,0
"1836",0,0,0,1,0,0,0,1,2,0
"1837",0,0,0,0,0,0,0,0,1,0
"1838",0,0,0,0,0,0,0,1,0,1
"1839",1,0,0,1,0,2,0,0,2,0
"1840",0,0,0,0,0,0,0,1,0,1
"1841",0,0,0,0,0,0,0,0,1,0
"1842",0,1,0,0,1,0,0,2,1,3
"1843",1,1,2,2,1,3,1,1,3,5
"1844",0,1,0,0,3,2,0,3,2,5
"1845",0,0,0,0,0,0,0,1,1,1
"1846",2,1,1,2,0,1,0,0,3,0
"1847",0,0,0,0,0,0,0,2,1,2
"1848",1,0,1,1,0,2,0,1,2,2
"1849",0,1,1,0,1,0,0,2,1,2
"1850",0,0,0,0,0,0,0,0,1,0
"1851",0,0,0,0,0,0,0,0,1,0
"1852",0,1,0,0,1,0,0,2,1,3
"1853",0,0,0,0,0,0,0,1,0,1
"1854",0,1,0,1,1,0,0,1,1,3
"1855",0,1,1,0,1,0,0,2,1,2
"1856",0,1,0,0,1,0,0,1,3,1
"1857",0,1,0,0,1,0,0,1,3,1
"1858",0,0,0,0,0,0,0,2,1,2
"1859",1,0,1,3,0,2,0,1,4,2
"1860",0,1,0,0,1,0,0,1,3,1
"1861",0,0,0,1,0,0,0,0,0,1
"1862",0,0,0,0,0,0,0,0,0,0
"1863",0,1,1,0,1,0,0,2,1,2
"1864",0,1,0,1,0,1,0,4,3,4
"1865",0,0,1,0,0,1,0,3,3,3
"1866",0,0,0,1,0,1,0,0,2,1
"1867",0,0,0,0,0,0,0,0,0,0
"1868",0,1,0,1,0,1,0,4,3,4
"1869",0,0,0,0,0,0,0,0,0,0
"1870",0,0,0,0,0,0,0,0,1,1
"1871",0,1,0,0,1,0,0,1,3,1
"1872",0,0,0,0,0,0,0,0,1,0
"1873",0,0,0,0,0,0,0,0,0,0
"1874",0,0,0,0,0,0,0,0,1,0
"1875",0,0,0,0,0,0,0,0,1,0
"1876",0,1,0,0,1,0,0,2,1,3
"1877",0,0,0,0,0,0,0,0,1,0
"1878",0,1,0,1,0,1,0,4,3,4
"1879",0,0,0,0,0,0,0,2,1,2
"1880",0,0,0,0,0,0,0,0,0,0
"1881",0,0,0,0,0,0,0,0,0,0
"1882",0,0,0,0,0,0,0,0,0,0
"1883",0,0,0,0,0,0,0,0,0,0
"1884",1,0,0,1,0,2,0,2,4,2
"1885",0,0,0,0,0,0,0,0,0,0
"1886",0,0,0,0,0,0,0,0,0,0
"1887",0,1,0,0,1,0,0,1,3,1
"1888",0,0,0,0,0,0,0,0,1,0
"1889",0,0,0,0,0,0,0,0,1,0
"1890",2,0,1,2,0,2,1,2,2,2
"1891",1,1,0,0,0,1,0,2,1,1
"1892",0,1,0,1,1,1,0,1,2,1
"1893",0,0,0,0,0,0,0,0,0,0
"1894",0,0,0,0,0,0,0,0,0,0
"1895",0,0,0,0,0,0,0,0,0,0
"1896",0,0,0,0,0,0,0,0,0,0
"1897",0,0,0,0,0,0,0,2,1,2
"1898",0,0,0,0,1,0,0,2,0,2
"1899",0,0,0,0,0,0,0,0,0,0
"1900",1,2,0,2,1,1,1,1,1,3
"1901",0,0,0,0,0,0,0,0,0,0
"1902",0,1,1,0,1,0,0,2,1,2
"1903",0,0,0,0,0,0,0,0,1,0
"1904",0,0,0,0,0,0,0,0,0,0
"1905",0,0,1,0,0,1,0,1,2,2
"1906",0,0,0,0,0,0,0,0,0,0
"1907",0,0,1,0,0,1,0,1,2,1
"1908",0,0,0,0,0,0,0,0,0,0
"1909",1,1,0,0,0,1,0,2,1,1
"1910",0,0,1,0,0,1,0,1,2,1
"1911",0,0,0,0,0,0,0,0,1,0
"1912",0,0,1,0,0,1,0,1,2,1
"1913",0,0,0,0,0,0,0,0,0,0
"1914",2,0,2,0,0,2,1,1,6,1
"1915",2,0,2,0,0,2,1,1,6,1
"1916",0,0,1,0,0,1,0,1,2,1
"1917",1,0,1,0,0,0,0,1,1,1
"1918",0,0,0,1,0,0,0,1,0,1
"1919",0,0,1,0,0,1,0,1,2,1
"1920",0,1,0,0,1,0,0,1,3,1
"1921",0,0,0,0,0,0,0,0,0,0
"1922",1,0,1,1,0,1,0,1,2,1
"1923",1,0,0,2,0,0,0,1,3,1
"1924",1,0,0,0,0,0,0,0,1,1
"1925",2,0,2,0,0,2,1,1,6,1
"1926",0,0,1,0,0,1,0,1,2,1
"1927",0,0,0,0,0,0,0,0,1,0
"1928",1,0,0,1,0,1,0,0,3,2
"1929",0,1,0,0,1,0,0,1,3,1
"1930",0,1,0,0,1,0,0,1,3,1
"1931",0,0,0,0,0,0,0,2,1,2
"1932",2,0,1,2,0,2,0,0,3,0
"1933",1,0,1,1,0,2,0,0,2,1
"1934",0,0,0,0,0,0,0,2,1,2
"1935",1,1,0,0,0,1,0,2,1,1
"1936",1,2,1,0,2,0,0,3,2,2
"1937",0,0,0,0,0,0,0,0,0,1
"1938",2,0,2,0,0,2,1,1,6,1
"1939",1,1,0,0,0,1,0,2,1,1
"1940",1,1,0,0,0,1,0,2,1,1
"1941",0,0,1,0,0,0,0,1,2,0
"1942",0,1,0,0,0,0,0,0,3,2
"1943",0,1,1,0,1,0,0,2,1,2
"1944",1,1,0,1,0,1,0,2,2,2
"1945",0,0,0,0,0,0,0,0,1,0
"1946",1,0,0,0,0,0,0,1,1,1
"1947",0,1,0,0,1,0,0,1,3,1
"1948",0,0,0,0,0,0,0,0,1,0
"1949",0,1,0,0,1,0,0,1,3,1
"1950",0,0,0,0,0,0,0,0,0,0
"1951",0,0,0,0,0,0,0,0,1,0
"1952",1,0,0,0,0,0,0,0,2,0
"1953",0,0,0,1,0,1,0,1,1,1
"1954",0,1,1,0,1,0,0,2,1,2
"1955",2,1,0,3,0,2,0,2,3,1
"1956",0,0,0,0,0,0,0,2,1,2
"1957",0,0,0,0,0,0,0,1,0,1
"1958",2,1,0,3,0,2,0,2,3,1
"1959",1,0,0,0,1,0,0,0,2,3
"1960",0,0,0,0,0,0,0,2,1,2
"1961",0,0,0,0,0,0,0,2,1,2
"1962",0,0,0,0,0,0,0,2,1,2
"1963",0,0,0,0,0,0,0,0,0,0
"1964",0,0,0,0,0,0,0,2,1,2
"1965",0,1,0,1,0,0,0,0,2,0
"1966",0,0,0,0,0,0,0,0,0,0
"1967",0,0,0,0,0,0,0,0,0,0
"1968",0,0,0,0,0,0,0,0,0,0
"1969",1,0,0,0,1,0,0,0,2,3
"1970",0,0,0,0,0,0,0,0,0,0
"1971",1,0,1,0,0,0,0,0,2,0
"1972",0,0,0,0,0,0,0,0,0,0
"1973",0,0,0,0,0,0,0,0,0,0
"1974",0,0,0,0,0,0,0,0,0,0
"1975",0,0,0,0,0,0,0,0,0,0
"1976",0,0,0,0,0,0,0,0,0,0
"1977",0,0,0,0,0,0,0,0,0,0
"1978",0,0,0,0,0,0,0,0,1,0
"1979",0,0,0,0,0,0,0,0,0,0
"1980",0,0,0,0,0,0,0,0,0,0
"1981",0,1,0,2,1,1,1,2,3,3
"1982",2,0,0,1,0,1,0,1,3,0
"1983",0,0,1,1,0,1,0,0,2,1
"1984",1,1,0,0,0,1,0,2,1,1
"1985",0,1,1,0,1,0,0,2,1,2
"1986",0,0,0,0,1,0,0,0,0,1
"1987",1,0,0,0,0,0,0,1,1,2
"1988",0,0,0,0,0,0,0,0,1,0
"1989",0,1,0,0,0,0,0,1,0,1
"1990",1,0,0,0,1,0,0,0,2,3
"1991",0,0,0,0,0,0,0,2,1,2
"1992",1,0,0,0,0,0,1,0,2,1
"1993",0,1,0,1,0,1,0,4,3,4
"1994",1,0,0,0,1,0,0,0,2,3
"1995",2,0,2,0,0,2,1,1,6,1
"1996",0,0,0,0,0,0,0,0,1,0
"1997",0,0,0,0,1,0,0,1,1,1
"1998",1,1,0,0,0,1,0,2,1,1
"1999",0,0,1,0,0,1,0,1,2,1
"2000",0,0,0,0,0,0,0,0,0,0
